u,466747134,60.2236846,-37.1910992,1567525349208669536,591.109453,243.7957407,24.47083023843665,466747134,u,60261.0894252,30.4676
z,691061021,60.2236846,-37.1910992,1567525349208669536,3563.8668944,538.9190508,22.520196311606902,691061021,z,60601.3578332,31.4636
y,938255157,60.2236846,-37.1910992,1567525349208669536,6038.1534866,1450.5755477,21.94773962910368,938255157,y,60955.2141882,30.6288
u,466717070,60.2236846,-37.1910992,1567525349208669536,-7.4144805,251.3468053,--,466717070,u,60261.0759832,30.4662
y,1214714101,60.2236846,-37.1910992,1567525349208669536,5151.1002461,1245.5484575,22.120249995467244,1214714101,y,61368.1482252,30.6364
y,407915187,60.2236846,-37.1910992,1567525349208669536,5919.4430991,1344.0757835,21.96929787439393,407915187,y,60159.3434602,30.6299
y,407945008,60.2236846,-37.1910992,1567525349208669536,4703.3469667,1372.8449105,22.21898245523717,407945008,y,60159.3568792,30.6294
y,456674038,60.2236846,-37.1910992,1567525349208669536,5358.9863884,1233.1689633,22.077293365111757,456674038,y,60240.1254512,30.6276
y,937361141,60.2236846,-37.1910992,1567525349208669536,5483.2923649,1506.5703745,22.05239649313478,937361141,y,60954.2130252,30.6196
y,1032242114,60.2236846,-37.1910992,1567525349208669536,6127.9312172,1732.2285665,21.931715295187217,1032242114,y,61100.0603062,30.5996
z,7997163,60.2236846,-37.1910992,1567525349208669536,3727.0637446,489.0178742,22.47158294842712,7997163,z,59591.0808742,31.463
y,1011331168,60.2236846,-37.1910992,1567525349208669536,5176.4545747,1166.0402577,22.114918981826317,1011331168,y,61073.0840122,30.6338
y,284048086,60.2236846,-37.1910992,1567525349208669536,4009.620246,1235.4645144,22.39224189443241,284048086,y,59980.1225302,30.6377
z,32682110,60.2236846,-37.1910992,1567525349208669536,6276.9010791,663.3544442,21.905636788911508,32682110,z,59624.0435452,31.4467
u,703340059,60.2236846,-37.1910992,1567525349208669536,186.8756691,167.1358939,25.721118098391713,703340059,u,60617.0944802,30.4777
u,466757003,60.2236846,-37.1910992,1567525349208669536,-272.596435,231.9040192,--,466757003,u,60261.0938972,30.4692
y,458309110,60.2236846,-37.1910992,1567525349208669536,3630.868793,1091.0130472,22.499973611748096,458309110,y,60242.1327932,30.6377
y,993452118,60.2236846,-37.1910992,1567525349208669536,5692.6956623,1511.5896013,22.01170508355769,993452118,y,61043.0887372,30.6196
y,492034076,60.2236846,-37.1910992,1567525349208669536,6017.2740586,1324.3528928,21.95150051995492,492034076,y,60302.1087292,30.6279
u,962483059,60.2236846,-37.1910992,1567525349208669536,405.6423451,235.9377184,24.879641788012297,962483059,u,60996.1043972,30.4662
y,904789103,60.2236846,-37.1910992,1567525349208669536,6269.3629579,1079.6982,21.90694146607491,904789103,y,60899.4044252,30.6385
u,660276112,60.2236846,-37.1910992,1567525349208669536,-361.6071187,167.575867,--,660276112,u,60557.2794712,30.4907
z,707678141,60.2236846,-37.1910992,1567525349208669536,5142.6598677,556.9316257,22.12203049673464,707678141,z,60625.0763172,31.4568
y,1176148166,60.2236846,-37.1910992,1567525349208669536,5569.234082,1588.5410997,22.03551131944133,1176148166,y,61308.1993312,30.6192
y,169765131,60.2236846,-37.1910992,1567525349208669536,5488.2703206,1247.1975517,22.05141126482137,169765131,y,59805.3167772,30.6325
y,167877123,60.2236846,-37.1910992,1567525349208669536,5842.7197441,1237.8729079,21.983462362142326,167877123,y,59803.3596052,30.6349
u,700215010,60.2236846,-37.1910992,1567525349208669536,-8.4825705,149.133959,--,700215010,u,60613.1103112,30.4827
u,1222554170,60.2236846,-37.1910992,1567525349208669536,424.5705563,165.6830018,24.830125317934588,1222554170,u,61380.1224272,30.4855
z,1213278156,60.2236846,-37.1910992,1567525349208669536,6256.421931,719.3185618,21.90918492571531,1213278156,z,61366.1432172,31.445
u,914672148,60.2236846,-37.1910992,1567525349208669536,170.4664491,237.7497099,25.82090271329975,914672148,u,60911.2940102,30.4739
u,219143048,60.2236846,-37.1910992,1567525349208669536,94.296104,215.7913287,26.463765626222827,219143048,u,59876.1336262,30.4803
z,240851119,60.2236846,-37.1910992,1567525349208669536,6841.7476467,598.513022,21.812082371294824,240851119,z,59912.0578382,31.4424
z,1000750051,60.2236846,-37.1910992,1567525349208669536,4933.6650252,674.6017404,22.167075851468038,1000750051,z,61059.0564492,31.4291
u,911700000,60.2236846,-37.1910992,1567525349208669536,249.2981811,179.4126682,25.408202225332168,911700000,u,60907.3989032,30.4814
u,433073071,60.2236846,-37.1910992,1567525349208669536,257.0678614,228.5888367,25.374880538547355,433073071,u,60200.2536352,30.477
y,1141195156,60.2236846,-37.1910992,1567525349208669536,5706.4977822,1478.9140516,22.009075867960313,1141195156,y,61254.3419842,30.6154
u,660251041,60.2236846,-37.1910992,1567525349208669536,267.7332515,172.7255594,25.33074421915471,660251041,u,60557.2682292,30.4906
y,535885178,60.2236846,-37.1910992,1567525349208669536,4743.6751817,1334.2441609,22.209712641238966,535885178,y,60366.0430842,30.6203
y,1162453166,60.2236846,-37.1910992,1567525349208669536,6297.6178981,1257.5789943,21.90205923324871,1162453166,y,61279.3056552,30.6366
u,961634130,60.2236846,-37.1910992,1567525349208669536,186.3258979,216.3127494,25.724316943095133,961634130,u,60995.0654562,30.4793
z,707722083,60.2236846,-37.1910992,1567525349208669536,4652.0165507,534.2399627,22.23089687207689,707722083,z,60625.0970512,31.4582
y,1176160006,60.2236846,-37.1910992,1567525349208669536,4206.7455133,1583.51468,22.340134399487145,1176160006,y,61308.2046892,30.6159
z,13287085,60.2236846,-37.1910992,1567525349208669536,8160.8580953,802.8115018,21.62066043446934,13287085,z,59598.1189922,31.4389
y,1141196166,60.2236846,-37.1910992,1567525349208669536,6180.8142211,1447.3336456,21.922385774883754,1141196166,y,61254.3424322,30.6196
u,675103145,60.2236846,-37.1910992,1567525349208669536,411.8573577,220.0516133,24.86313292769736,675103145,u,60582.2198202,30.4725
z,939918060,60.2236846,-37.1910992,1567525349208669536,3835.0775066,550.4549864,22.440564636426647,939918060,z,60957.2047062,31.4636
y,1162512064,60.2236846,-37.1910992,1567525349208669536,3477.8509253,1170.389943,22.546722593863123,1162512064,y,61279.3322182,30.6358
y,1219530047,60.2236846,-37.1910992,1567525349208669536,7296.3993177,1104.0867678,21.742228514848755,1219530047,y,61375.0451432,30.6366
y,169764161,60.2236846,-37.1910992,1567525349208669536,5093.5378499,1333.8678032,22.13245115566668,169764161,y,59805.3163312,30.631
z,1013519083,60.2236846,-37.1910992,1567525349208669536,6755.434898,523.260881,21.82586671737399,1013519083,z,61076.0508972,31.448
y,647589001,60.2236846,-37.1910992,1567525349208669536,7115.391358,1491.3118213,21.769503020064633,647589001,y,60541.3269432,30.6265
y,646740040,60.2236846,-37.1910992,1567525349208669536,6669.9544289,1098.1122077,21.83969283325393,646740040,y,60540.4077622,30.6363
y,443017171,60.2236846,-37.1910992,1567525349208669536,4818.0948865,1462.1407925,22.192811628383843,443017171,y,60215.1866472,30.6292
z,1047474045,60.2236846,-37.1910992,1567525349208669536,6660.9094488,573.0735549,21.8411661757114,1047474045,z,61118.0139582,31.45
y,246649093,60.2236846,-37.1910992,1567525349208669536,6304.1017476,1217.7486227,21.900941964976205,246649093,y,59920.0857212,30.6376
y,1141277057,60.2236846,-37.1910992,1567525349208669536,6014.7838829,1384.6507574,21.95194993167907,1141277057,y,61254.3788172,30.6249
z,939882178,60.2236846,-37.1910992,1567525349208669536,2596.216294,597.1018817,22.86414782188099,939882178,z,60957.1884932,31.4642
z,538450008,60.2236846,-37.1910992,1567525349208669536,4658.1366894,480.3099427,22.229469428950985,538450008,z,60369.0417702,31.4555
y,267504006,60.2236846,-37.1910992,1567525349208669536,5212.5034599,1124.569565,22.107384109366816,267504006,y,59952.0817132,30.638
y,879129091,60.2236846,-37.1910992,1567525349208669536,7746.3892697,1435.4419914,21.677251706847958,879129091,y,60870.4020632,30.6195
y,708508057,60.2236846,-37.1910992,1567525349208669536,7349.8781191,1258.2000108,21.734299656589236,708508057,y,60626.0987812,30.633
y,1176162031,60.2236846,-37.1910992,1567525349208669536,6285.73116,1573.6995582,21.90411049411589,1176162031,y,61308.2055812,30.6179
z,7976064,60.2236846,-37.1910992,1567525349208669536,5117.417207,551.4891413,22.12737293728841,7976064,z,59591.0700092,31.4562
z,1049305153,60.2236846,-37.1910992,1567525349208669536,8807.959904,647.970835,21.537811677617775,1049305153,z,61120.0125512,31.436
z,1213279098,60.2236846,-37.1910992,1567525349208669536,8087.1822011,741.7514363,21.63050693072941,1213279098,z,61366.1436662,31.4388
y,1199235108,60.2236846,-37.1910992,1567525349208669536,6310.3087056,1616.5390623,21.899873485463683,1199235108,y,61337.1393432,30.6162
y,708486049,60.2236846,-37.1910992,1567525349208669536,5306.5409408,1316.0383289,22.087971201927388,708486049,y,60626.0888942,30.633
z,1198512061,60.2236846,-37.1910992,1567525349208669536,2993.5336862,506.613184,22.709539625950022,1198512061,z,61336.1782282,31.4626
y,245354010,60.2236846,-37.1910992,1567525349208669536,6580.1390158,1247.3951008,21.85441232783552,245354010,y,59918.1434932,30.6324
z,666392143,60.2236846,-37.1910992,1567525349208669536,5846.6181352,614.5116202,21.98273817663957,666392143,z,60569.3460142,31.4566
z,240850113,60.2236846,-37.1910992,1567525349208669536,8555.6013871,622.3525591,21.56937364446575,240850113,z,59912.0573892,31.4377
y,710695054,60.2236846,-37.1910992,1567525349208669536,4916.2297056,1488.2445658,22.170919583410296,710695054,y,60629.0544312,30.6304
y,306188055,60.2236846,-37.1910992,1567525349208669536,7490.2042898,1681.1606536,21.713765842692947,306188055,y,60009.0479322,30.6091
z,444080044,60.2236846,-37.1910992,1567525349208669536,2889.0781196,554.9083477,22.748101787088608,444080044,z,60216.3387242,31.465
y,1176138005,60.2236846,-37.1910992,1567525349208669536,7083.6367116,1596.1166702,21.77435929988544,1176138005,y,61308.1948632,30.6188
z,902805144,60.2236846,-37.1910992,1567525349208669536,2967.2152579,498.3621387,22.719127366153373,902805144,z,60897.4056862,31.4648
y,992692169,60.2236846,-37.1910992,1567525349208669536,5116.7653822,1434.260232,22.1275112404268,992692169,y,61042.0679032,30.6248
y,458297055,60.2236846,-37.1910992,1567525349208669536,4195.7953543,1122.0788507,22.34296425559661,458297055,y,60242.1274132,30.6335
z,516377029,60.2236846,-37.1910992,1567525349208669536,7566.1111533,888.1652356,21.702818207003425,516377029,z,60336.0734382,31.4174
y,879141169,60.2236846,-37.1910992,1567525349208669536,5404.4324382,1407.7234884,22.06812476995674,879141169,y,60870.4076882,30.6239
y,425506126,60.2236846,-37.1910992,1567525349208669536,7128.3072045,1258.7412446,21.76753398007939,425506126,y,60184.2731662,30.6319
y,37656140,60.2236846,-37.1910992,1567525349208669536,3557.1143613,960.5735398,22.522255430033063,37656140,y,59630.0363972,30.6353
z,462706139,60.2236846,-37.1910992,1567525349208669536,8796.6744052,856.9895148,21.539203706114268,462706139,z,60247.3085662,31.4408
y,12465022,60.2236846,-37.1910992,1567525349208669536,4150.6826468,1347.5207299,22.35470117667918,12465022,y,59597.0890252,30.6282
z,209009065,60.2236846,-37.1910992,1567525349208669536,1796.5546045,570.8368709,23.263898945768915,209009065,z,59862.3286122,31.4655
z,648604123,60.2236846,-37.1910992,1567525349208669536,3745.1031153,654.2279806,22.46634055052592,648604123,z,60542.3392212,31.4593
i,713352100,60.2236846,-37.1910992,1567525349208669536,2974.1605176,469.7218797,22.716588989983467,713352100,i,60632.2559462,31.8375
i,421684048,60.2236846,-37.1910992,1567525349208669536,1567.9513686,206.7578872,23.411668528676458,421684048,i,60180.3256002,31.8485
i,679431080,60.2236846,-37.1910992,1567525349208669536,1560.0228906,198.5887241,23.417172572722286,679431080,i,60587.2195542,31.8505
i,410985044,60.2236846,-37.1910992,1567525349208669536,3194.0412925,353.4181145,22.63914868402783,410985044,i,60162.3678252,31.846
i,752163061,60.2236846,-37.1910992,1567525349208669536,1562.4254714,311.1708412,23.415501723970408,752163061,i,60691.1470112,31.8529
i,713353100,60.2236846,-37.1910992,1567525349208669536,3429.4446639,456.0757009,22.56194050086252,713353100,i,60632.2563952,31.8382
i,472134176,60.2236846,-37.1910992,1567525349208669536,2629.5274458,274.7066954,22.850305729651232,472134176,i,60269.1578922,31.8453
i,995031015,60.2236846,-37.1910992,1567525349208669536,1805.7728893,359.7594171,23.258342178696957,995031015,i,61045.1580342,31.8505
i,214433057,60.2236846,-37.1910992,1567525349208669536,1237.6192151,172.5653757,23.668532391154887,214433057,i,59870.2051352,31.8514
i,1231902163,60.2236846,-37.1910992,1567525349208669536,1392.1563938,258.5291828,23.54077993417516,1231902163,i,61394.1606082,31.8525
i,496988185,60.2236846,-37.1910992,1567525349208669536,2099.7267616,335.2843787,23.094593041320028,496988185,i,60309.2285402,31.8499
i,228092069,60.2236846,-37.1910992,1567525349208669536,1594.6206046,249.7281015,23.393356571373197,228092069,i,59887.2713942,31.8521
i,1197823038,60.2236846,-37.1910992,1567525349208669536,1796.5646946,258.4151484,23.26389284789909,1197823038,i,61334.2316092,31.8523
i,1165730087,60.2236846,-37.1910992,1567525349208669536,4186.0206808,397.9443688,22.345496575961356,1165730087,i,61286.2755292,31.8339
i,471935079,60.2236846,-37.1910992,1567525349208669536,2155.2457351,274.7708791,23.06625801409029,471935079,i,60269.0652312,31.8492
i,976290062,60.2236846,-37.1910992,1567525349208669536,1720.8367042,301.5513881,23.310650848337975,976290062,i,61017.2391292,31.8499
i,941094016,60.2236846,-37.1910992,1567525349208669536,2588.6029594,382.1917788,22.867336391646376,941094016,i,60958.3659832,31.8443
i,1196457188,60.2236846,-37.1910992,1567525349208669536,2071.942627,189.3110675,23.109055686412432,1196457188,i,61332.3339172,31.851
i,1197856072,60.2236846,-37.1910992,1567525349208669536,1622.0391306,249.1900801,23.37484668234257,1197856072,i,61334.2493292,31.8535
i,1212153123,60.2236846,-37.1910992,1567525349208669536,1915.2803901,200.6772839,23.194419094761507,1212153123,i,61364.2925662,31.8517
i,635865082,60.2236846,-37.1910992,1567525349208669536,2311.015528,248.8252575,22.990492841081476,635865082,i,60528.3507632,31.8493
i,654492076,60.2236846,-37.1910992,1567525349208669536,2535.4751449,257.1544069,22.889851606140383,654492076,i,60549.2853112,31.8442
i,654458000,60.2236846,-37.1910992,1567525349208669536,2889.0373603,260.0117099,22.748117104832893,654458000,i,60549.2699002,31.8462
i,1197857067,60.2236846,-37.1910992,1567525349208669536,1348.8866906,237.8364112,23.575061326179704,1197857067,i,61334.2497862,31.8537
i,471929132,60.2236846,-37.1910992,1567525349208669536,2684.8666905,273.3661894,22.827693182748618,471929132,i,60269.0625522,31.8497
i,1160582080,60.2236846,-37.1910992,1567525349208669536,2667.0662131,338.2842561,22.83491550574437,1160582080,i,61277.3687372,31.8466
i,930406098,60.2236846,-37.1910992,1567525349208669536,2115.9639371,202.830319,23.086229345906798,930406098,i,60944.2336852,31.8514
i,211544012,60.2236846,-37.1910992,1567525349208669536,1959.767752,319.6533423,23.16948848232461,211544012,i,59866.3557842,31.8494
i,635864118,60.2236846,-37.1910992,1567525349208669536,3125.1006531,259.1815507,22.6628399758942,635864118,i,60528.3503122,31.8445
i,682798028,60.2236846,-37.1910992,1567525349208669536,1428.7392217,192.5971062,23.51261758217209,682798028,i,60591.1799932,31.8519
i,1013706187,60.2236846,-37.1910992,1567525349208669536,6554.0177242,521.2628751,21.858730971195577,1013706187,i,61076.1362352,31.8279
i,427672176,60.2236846,-37.1910992,1567525349208669536,4098.5544339,377.3876909,22.368423231420582,427672176,i,60192.3618372,31.837
i,211531072,60.2236846,-37.1910992,1567525349208669536,1407.6986127,306.3712451,23.528725793475044,211531072,i,59866.3498262,31.8505
i,256353144,60.2236846,-37.1910992,1567525349208669536,1268.797405,161.6933722,23.641519295659126,256353144,i,59935.0952922,31.8518
i,472136009,60.2236846,-37.1910992,1567525349208669536,2075.5987452,265.7382184,23.107141501322715,472136009,i,60269.1588052,31.8466
i,994946041,60.2236846,-37.1910992,1567525349208669536,1631.2134801,348.8116329,23.368722995678922,994946041,i,61045.1192952,31.8489
g,484264007,60.2236846,-37.1910992,1567525349208669536,1432.0620837,90.8511897,23.510095384498012,484264007,g,60286.0777532,32.3338
g,975929078,60.2236846,-37.1910992,1567525349208669536,669.6154835,74.7215744,24.33543628179899,975929078,g,61017.0651622,32.3432
g,221576014,60.2236846,-37.1910992,1567525349208669536,433.4525929,62.1950414,24.807645986921507,221576014,g,59879.1830132,32.3437
g,1154197186,60.2236846,-37.1910992,1567525349208669536,567.5025631,76.113633,24.515080431646908,1154197186,g,61269.3139362,32.342
g,743895049,60.2236846,-37.1910992,1567525349208669536,595.7148125,74.7460812,24.462404002493216,743895049,g,60679.1086092,32.3403
g,1154228166,60.2236846,-37.1910992,1567525349208669536,579.4989408,74.478126,24.492368383742487,1154228166,g,61269.3289912,32.3419
g,944245106,60.2236846,-37.1910992,1567525349208669536,802.493473,96.7411277,24.138896227998103,944245106,g,60962.2874812,32.3386
g,637920086,60.2236846,-37.1910992,1567525349208669536,1080.0408926,85.6396388,23.81639950226799,637920086,g,60530.3764142,32.3364
g,221615050,60.2236846,-37.1910992,1567525349208669536,76.5986292,54.2616613,26.689447505951215,221615050,g,59879.2024112,32.3436
g,194860109,60.2236846,-37.1910992,1567525349208669536,5651.2091933,142.7679769,22.019646539836003,194860109,g,59841.2961872,32.307
g,661721116,60.2236846,-37.1910992,1567525349208669536,704.369887,74.144041,24.280498047822665,661721116,g,60559.3347232,32.3418
g,254381158,60.2236846,-37.1910992,1567525349208669536,216.6008262,54.1651281,25.560849727847653,254381158,g,59932.1280802,32.3418
g,662490165,60.2236846,-37.1910992,1567525349208669536,2976.6259048,116.5700489,22.715689357529897,662490165,g,60560.2658482,32.3217
g,159478119,60.2236846,-37.1910992,1567525349208669536,1978.5564733,107.7322884,23.159128873233897,159478119,g,59791.3523622,32.3293
g,159507050,60.2236846,-37.1910992,1567525349208669536,4167.3548067,129.2156286,22.350348805832947,159507050,g,59791.3664842,32.3128
i,713095158,60.2236846,-37.1910992,1567525349208669536,5144.8206707,486.5935773,22.121574396317403,713095158,i,60632.1368692,31.8311
i,679430018,60.2236846,-37.1910992,1567525349208669536,2044.4447072,210.101016,23.123561576533774,679430018,i,60587.2191012,31.849
i,713062188,60.2236846,-37.1910992,1567525349208669536,4241.4779928,448.3643532,22.33120695505808,713062188,i,60632.1218452,31.8372
i,433955084,60.2236846,-37.1910992,1567525349208669536,1947.1791378,235.3318165,23.176485230368833,433955084,i,60201.2412612,31.8476
i,929486037,60.2236846,-37.1910992,1567525349208669536,2419.3133974,245.2934852,22.940769673922233,929486037,i,60943.2244072,31.8446
i,204712066,60.2236846,-37.1910992,1567525349208669536,1645.6175278,190.242246,23.35917773882921,204712066,i,59857.3502892,31.8504
i,951288129,60.2236846,-37.1910992,1567525349208669536,1554.7673263,183.0784666,23.420836486793327,951288129,i,60973.1540922,31.8513
g,944205180,60.2236846,-37.1910992,1567525349208669536,1049.2325207,92.7750185,23.847820642560105,944205180,g,60962.2679812,32.3345
g,484265084,60.2236846,-37.1910992,1567525349208669536,1274.6190813,87.2474346,23.636548960832776,484265084,g,60286.0782022,32.3351
g,975959000,60.2236846,-37.1910992,1567525349208669536,722.9676829,74.5833804,24.25220278875498,975959000,g,61017.0788972,32.3412
g,784702082,60.2236846,-37.1910992,1567525349208669536,2367.62002,114.1822707,22.964219990999098,784702082,g,60734.0757792,32.3261
g,921306067,60.2236846,-37.1910992,1567525349208669536,455.803519,69.4750994,24.753055815504386,921306067,g,60934.2561532,32.3408
i,930375088,60.2236846,-37.1910992,1567525349208669536,1834.0697088,213.5048973,23.241460404527796,930375088,i,60944.2186482,31.853
i,1212108140,60.2236846,-37.1910992,1567525349208669536,1994.3648259,235.277347,23.15048848494232,1212108140,i,61364.2704202,31.8519
i,880167106,60.2236846,-37.1910992,1567525349208669536,2822.2960079,391.2000692,22.773493596355127,880167106,i,60871.4014322,31.8436
r,698771143,60.2236846,-37.1910992,1567525349208669536,541.3249836,81.4450584,24.566354821477823,698771143,r,60611.1905802,32.1802
r,202591104,60.2236846,-37.1910992,1567525349208669536,532.8506027,89.9125667,24.583486346654084,202591104,r,59854.2787212,32.1772
r,656444070,60.2236846,-37.1910992,1567525349208669536,1622.9838511,136.4407262,23.37421450359685,656444070,r,60553.3014702,32.1751
r,193881072,60.2236846,-37.1910992,1567525349208669536,952.4334673,129.6843989,23.952913381109024,193881072,r,59840.2634672,32.179
r,1233923025,60.2236846,-37.1910992,1567525349208669536,1140.087409,112.7177048,23.75765462650287,1233923025,r,61404.1576282,32.18
r,451658062,60.2236846,-37.1910992,1567525349208669536,4331.176948,177.8380679,22.308485182576696,451658062,r,60232.2271862,32.158
r,909783057,60.2236846,-37.1910992,1567525349208669536,3276.6217916,168.9212134,22.611434211847975,909783057,r,60905.3089902,32.1659
r,1190764138,60.2236846,-37.1910992,1567525349208669536,1556.7839383,130.4073683,23.41942914442309,1190764138,r,61325.1986392,32.1746
r,1186064104,60.2236846,-37.1910992,1567525349208669536,781.7527157,104.6796558,24.167326503509738,1186064104,r,61319.3667072,32.1783
r,655479133,60.2236846,-37.1910992,1567525349208669536,1949.1123159,144.8983783,23.175407835799874,655479133,r,60550.3030202,32.1732
r,943324104,60.2236846,-37.1910992,1567525349208669536,1649.0967182,162.3454421,23.356884681463626,943324104,r,60961.2457292,32.1732
r,1006040081,60.2236846,-37.1910992,1567525349208669536,6985.8882207,271.2996043,21.789445919177062,1006040081,r,61066.0831362,32.1444
r,638890061,60.2236846,-37.1910992,1567525349208669536,2403.1257698,150.025037,22.948058748499214,638890061,r,60531.3615302,32.1699
r,1192173027,60.2236846,-37.1910992,1567525349208669536,1607.631158,126.8542263,23.38453396300466,1192173027,r,61327.1987892,32.1762
r,451698102,60.2236846,-37.1910992,1567525349208669536,4472.652793,176.6895877,22.27358703577608,451698102,r,60232.2461452,32.1548
r,456683118,60.2236846,-37.1910992,1567525349208669536,2582.1236589,240.7135025,22.870057407602417,456683118,r,60240.1308092,32.1703
u,961632173,60.2236846,-37.1910992,1567525349208669536,444.4146043,227.6710157,24.780529194407322,961632173,u,60995.0645612,30.4752
u,1222589037,60.2236846,-37.1910992,1567525349208669536,-131.580867,158.0806734,--,1222589037,u,61380.1382732,30.4862
u,1188277033,60.2236846,-37.1910992,1567525349208669536,86.2675082,205.6538281,26.560381865477307,1188277033,u,61322.1763482,30.4716
u,277061067,60.2236846,-37.1910992,1567525349208669536,19.6231503,177.467973,28.168078174337364,277061067,u,59968.0862102,30.4893
r,242562002,60.2236846,-37.1910992,1567525349208669536,1001.1102669,147.4525369,23.898795211724305,242562002,r,59914.1775102,32.1808
r,1038216137,60.2236846,-37.1910992,1567525349208669536,1296.898036,132.9628671,23.617735418585635,1038216137,r,61107.0489972,32.1783
r,414908052,60.2236846,-37.1910992,1567525349208669536,1186.8953155,134.7248583,23.713968960628677,414908052,r,60166.3549302,32.1777
r,655511008,60.2236846,-37.1910992,1567525349208669536,1773.3288264,138.0573313,23.278026815467687,655511008,r,60550.3177562,32.1748
r,694244083,60.2236846,-37.1910992,1567525349208669536,774.130727,184.9598724,24.17796423517659,694244083,r,60605.3137872,32.1812
r,1185205090,60.2236846,-37.1910992,1567525349208669536,695.3399369,103.5232729,24.29450706540696,1185205090,r,61318.3555882,32.1787
r,958704180,60.2236846,-37.1910992,1567525349208669536,4246.6089022,178.3392191,22.329894335419198,958704180,r,60991.1119782,32.158
r,958659088,60.2236846,-37.1910992,1567525349208669536,4736.0025986,190.4214367,22.211470169979453,958659088,r,60991.0915672,32.1559
r,931222001,60.2236846,-37.1910992,1567525349208669536,1449.0158378,131.539774,23.49731716911786,931222001,r,60945.1977882,32.1767
r,985753097,60.2236846,-37.1910992,1567525349208669536,813.74131,109.9965724,24.12378409064985,985753097,r,61032.0885072,32.178
r,694227091,60.2236846,-37.1910992,1567525349208669536,705.439484,185.4197993,24.278850590465517,694227091,r,60605.3056322,32.1777
r,753606087,60.2236846,-37.1910992,1567525349208669536,587.8930161,171.9170184,24.47675424749994,753606087,r,60693.1292282,32.179
r,202618092,60.2236846,-37.1910992,1567525349208669536,1073.8941142,113.0433724,23.822596344742145,202618092,r,59854.2945992,32.1794
r,733726179,60.2236846,-37.1910992,1567525349208669536,813.9536777,211.3181115,24.123500775527962,733726179,r,60664.2057672,32.1791
r,1193728031,60.2236846,-37.1910992,1567525349208669536,2290.5634755,159.3176449,23.000144171663187,1193728031,r,61329.1557322,32.1688
r,985705132,60.2236846,-37.1910992,1567525349208669536,840.5696726,110.2805678,24.08856570802509,985705132,r,61032.0662622,32.1809
r,638889018,60.2236846,-37.1910992,1567525349208669536,1955.8189921,150.1368045,23.171678352359905,638889018,r,60531.3610812,32.1736
r,1155537103,60.2236846,-37.1910992,1567525349208669536,1854.9185827,144.3999763,23.22918786992033,1155537103,r,61272.3038292,32.1715
i,731794156,60.2236846,-37.1910992,1567525349208669536,2279.5360302,323.442165,23.005383847442744,731794156,i,60661.1768942,31.8531
i,966780034,60.2236846,-37.1910992,1567525349208669536,3313.7818171,266.1608242,22.599190223458614,966780034,i,61003.0474252,31.841
i,692695106,60.2236846,-37.1910992,1567525349208669536,1714.6544648,286.2172772,23.314558463324182,692695106,i,60603.3492682,31.8515
r,896749122,60.2236846,-37.1910992,1567525349208669536,1913.8898467,149.4431844,23.19520765378953,896749122,r,60890.3676662,32.172
r,212806088,60.2236846,-37.1910992,1567525349208669536,593.90864,100.1179307,24.4657008917366,212806088,r,59868.1768692,32.1803
i,679388050,60.2236846,-37.1910992,1567525349208669536,2063.3638983,223.0697927,23.113560430931358,679388050,i,60587.1999092,31.8495
r,1006094170,60.2236846,-37.1910992,1567525349208669536,8068.8724412,272.5373704,21.632967875331914,1006094170,r,61066.1103912,32.1428
r,398414134,60.2236846,-37.1910992,1567525349208669536,2689.9545877,160.7487872,22.82563762943429,398414134,r,60143.4217432,32.1672
r,456745098,60.2236846,-37.1910992,1567525349208669536,2463.9788901,236.9332351,22.92090754316874,456745098,r,60240.1589562,32.1676
r,1218588038,60.2236846,-37.1910992,1567525349208669536,999.3069893,220.8673424,23.900752687647703,1218588038,r,61373.2749202,32.1764
r,694197088,60.2236846,-37.1910992,1567525349208669536,798.5777965,180.3682012,24.14420692253045,694197088,r,60605.2915362,32.1803
r,746765130,60.2236846,-37.1910992,1567525349208669536,1581.0968103,223.7441681,23.402603843683274,746765130,r,60683.1200102,32.1729
r,1218520028,60.2236846,-37.1910992,1567525349208669536,940.4469222,206.8822482,23.966664276323712,1218520028,r,61373.2438492,32.1756
r,964154092,60.2236846,-37.1910992,1567525349208669536,1196.8197092,112.0662786,23.704928168672456,964154092,r,60998.1914232,32.1774
r,638855127,60.2236846,-37.1910992,1567525349208669536,2315.5758333,156.5490705,22.988352479080262,638855127,r,60531.3453302,32.1689
r,1233960044,60.2236846,-37.1910992,1567525349208669536,1140.9560478,140.1634868,23.756827713156003,1233960044,r,61404.1752212,32.1788
r,242466066,60.2236846,-37.1910992,1567525349208669536,1238.2550545,185.6196095,23.667974726429627,242466066,r,59914.1312322,32.1754
r,721872158,60.2236846,-37.1910992,1567525349208669536,1600.9190168,129.6192583,23.389076591261137,721872158,r,60647.1470662,32.1751
r,1006022054,60.2236846,-37.1910992,1567525349208669536,5835.3208819,268.6251337,21.984838143216685,1006022054,r,61066.0689982,32.15
r,300252066,60.2236846,-37.1910992,1567525349208669536,3401.6424087,196.1032713,22.57077835679899,300252066,r,60001.0763822,32.1637
r,193147079,60.2236846,-37.1910992,1567525349208669536,1110.2474964,168.6250882,23.78645049371017,193147079,r,59839.3340712,32.18
r,655510169,60.2236846,-37.1910992,1567525349208669536,1821.7322305,140.0102424,23.24878864492021,655510169,r,60550.3173072,32.1747
r,193880066,60.2236846,-37.1910992,1567525349208669536,1267.3611219,134.8284059,23.64274904901415,193880066,r,59840.2630182,32.1753
r,797322169,60.2236846,-37.1910992,1567525349208669536,572.4114506,106.6134677,24.505729217842084,797322169,r,60754.0303182,32.1818
y,5882072,60.2236846,-37.1910992,1567525349208669536,4978.1437142,1296.8239288,22.157331424710737,5882072,y,59588.0918152,30.6257
y,956239152,60.2236846,-37.1910992,1567525349208669536,4378.3813896,1362.3391515,22.2967160270981,956239152,y,60980.0905422,30.6218
g,1154196174,60.2236846,-37.1910992,1567525349208669536,660.3749395,77.8534148,24.350523540231816,1154196174,g,61269.3134902,32.3425
g,743847098,60.2236846,-37.1910992,1567525349208669536,925.4700838,78.0841304,23.98409403857853,743847098,g,60679.0848882,32.3435
y,992691069,60.2236846,-37.1910992,1567525349208669536,5999.2639736,1504.4953143,21.954755070629098,992691069,y,61042.0674542,30.6181
y,1033099120,60.2236846,-37.1910992,1567525349208669536,4092.8669873,1456.7030301,22.369930922787198,1033099120,y,61101.0600312,30.6243
y,444714005,60.2236846,-37.1910992,1567525349208669536,4800.6804155,1498.0036071,22.196743010855332,444714005,y,60217.2122582,30.6306
g,1039923176,60.2236846,-37.1910992,1567525349208669536,3583.0214185,125.590195,22.51437648927733,1039923176,g,61109.0309942,32.3213
y,12471018,60.2236846,-37.1910992,1567525349208669536,4778.1022297,1359.0678415,22.201861406390194,12471018,y,59597.0917972,30.6283
y,169763005,60.2236846,-37.1910992,1567525349208669536,5001.2688772,1290.4233712,22.152299490932727,169763005,y,59805.3158852,30.6335
g,484235173,60.2236846,-37.1910992,1567525349208669536,1325.5450018,88.3108533,23.594013808828244,484235173,g,60286.0644882,32.3332
g,944246183,60.2236846,-37.1910992,1567525349208669536,872.3864316,96.8985636,24.048227744273554,944246183,g,60962.2879312,32.3364
y,1200848086,60.2236846,-37.1910992,1567525349208669536,6295.7213809,1398.2612301,21.902386250151366,1200848086,y,61340.1401672,30.6302
i,1196499086,60.2236846,-37.1910992,1567525349208669536,1593.759829,183.4672416,23.393942809606216,1196499086,i,61332.3577632,31.8498
y,169811142,60.2236846,-37.1910992,1567525349208669536,5864.3549047,1330.999204,21.97944938629559,169811142,y,59805.3373762,30.6338
u,431404067,60.2236846,-37.1910992,1567525349208669536,196.3654441,238.4662593,25.66733733970637,431404067,u,60198.3445422,30.466
y,1162508165,60.2236846,-37.1910992,1567525349208669536,5435.7856275,1150.1619747,22.061844197467334,1162508165,y,61279.3303902,30.6353
i,1165836021,60.2236846,-37.1910992,1567525349208669536,3349.3382084,338.5031678,22.587602490492152,1165836021,i,61286.3240552,31.8379
u,1188278120,60.2236846,-37.1910992,1567525349208669536,159.8959735,201.7417841,25.890406181296527,1188278120,u,61322.1767942,30.4872
y,879130068,60.2236846,-37.1910992,1567525349208669536,6390.1712367,1400.4970982,21.886218759863194,879130068,y,60870.4025102,30.6228
i,654461147,60.2236846,-37.1910992,1567525349208669536,2940.7395443,261.3459141,22.728858596061727,654461147,i,60549.2712432,31.8454
y,1199230184,60.2236846,-37.1910992,1567525349208669536,5377.1321457,1552.1895211,22.07362322597146,1199230184,y,61337.1371112,30.624
y,669795046,60.2236846,-37.1910992,1567525349208669536,6422.6213931,1345.9564195,21.880719196106654,669795046,y,60574.2282072,30.629
y,708477160,60.2236846,-37.1910992,1567525349208669536,4154.7337563,1334.5176328,22.353642003631393,708477160,y,60626.0848632,30.6299
y,647588185,60.2236846,-37.1910992,1567525349208669536,6599.4000087,1465.0529947,21.85123886749213,647588185,y,60541.3264942,30.6265
y,167862144,60.2236846,-37.1910992,1567525349208669536,6985.745408,1346.1161038,21.789468115138252,167862144,y,59803.3528602,30.6313
g,1039959093,60.2236846,-37.1910992,1567525349208669536,3805.7205208,130.4606579,22.44890776997732,1039959093,g,61109.0477132,32.3184
y,492035065,60.2236846,-37.1910992,1567525349208669536,7461.0024888,1327.0984712,21.718007037852054,492035065,y,60302.1093002,30.6312
y,956250154,60.2236846,-37.1910992,1567525349208669536,4249.2548004,1310.2900985,22.32921806572767,956250154,y,60980.0958332,30.6277
y,443126015,60.2236846,-37.1910992,1567525349208669536,6807.7561175,1426.0313166,21.817490027256213,443126015,y,60215.2352662,30.6269
g,484267070,60.2236846,-37.1910992,1567525349208669536,1562.5686631,90.5683901,23.41540222399932,484267070,g,60286.0791162,32.3325
y,553238039,60.2236846,-37.1910992,1567525349208669536,6507.0628894,1782.0889465,21.866537489701628,553238039,y,60393.0182732,30.6005
g,484237062,60.2236846,-37.1910992,1567525349208669536,1497.8513003,90.1008828,23.46132824807442,484237062,g,60286.0654012,32.3342
g,662501044,60.2236846,-37.1910992,1567525349208669536,2910.8571167,116.0637405,22.73994777990324,662501044,g,60560.2708912,32.3248
z,712622005,60.2236846,-37.1910992,1567525349208669536,5249.5911353,719.8456259,22.099686300817396,712622005,z,60631.2634962,31.4485
z,1213298163,60.2236846,-37.1910992,1567525349208669536,6404.940641,704.3771959,21.88371222701744,1213298163,z,61366.1544312,31.4469
g,221616125,60.2236846,-37.1910992,1567525349208669536,187.8708652,57.0906562,25.715351411429545,221616125,g,59879.2028602,32.3423
z,209015161,60.2236846,-37.1910992,1567525349208669536,3812.1261328,551.0063692,22.447081845456275,209015161,z,59862.3313472,31.4657
z,1174419047,60.2236846,-37.1910992,1567525349208669536,4083.4137571,562.0532428,22.37244153101464,1174419047,z,61306.2377172,31.4593
z,1174378087,60.2236846,-37.1910992,1567525349208669536,4804.3280052,585.5767433,22.195918374329406,1174378087,z,61306.2187112,31.459
g,193827125,60.2236846,-37.1910992,1567525349208669536,659.7374551,80.6535837,24.351572147834744,193827125,g,59840.2362632,32.3418
z,939891148,60.2236846,-37.1910992,1567525349208669536,2660.0783122,564.2305606,22.83776394408428,939891148,z,60957.1925132,31.4653
z,1198479064,60.2236846,-37.1910992,1567525349208669536,3166.6712325,550.0630808,22.64849255811799,1198479064,z,61336.1628362,31.4584
g,662532060,60.2236846,-37.1910992,1567525349208669536,3028.9306505,113.3193594,22.69677667507819,662532060,g,60560.2854312,32.3214
z,648606112,60.2236846,-37.1910992,1567525349208669536,5114.7470774,674.4812056,22.127939592858695,648606112,z,60542.3401232,31.4572
z,13332130,60.2236846,-37.1910992,1567525349208669536,4602.9878041,905.0060254,22.24240043948627,13332130,z,59598.1411532,31.428
g,680232107,60.2236846,-37.1910992,1567525349208669536,591.4565192,71.4931652,24.470192942322157,680232107,g,60588.1935492,32.3432
z,8030052,60.2236846,-37.1910992,1567525349208669536,3423.474291,499.7150189,22.56383232293021,8030052,z,59591.0971112,31.462
g,944239178,60.2236846,-37.1910992,1567525349208669536,1084.2960405,97.0547713,23.81213032031812,944239178,g,60962.2845722,32.3379
g,969251158,60.2236846,-37.1910992,1567525349208669536,654.7860414,85.7103007,24.35975146841433,969251158,g,61006.1679402,32.3375
z,426972104,60.2236846,-37.1910992,1567525349208669536,4279.9110563,773.1987578,22.321413140644335,426972104,z,60187.2975512,31.45
z,750336175,60.2236846,-37.1910992,1567525349208669536,3351.1135283,553.2955374,22.58702714745222,750336175,z,60688.1461622,31.4651
g,697972123,60.2236846,-37.1910992,1567525349208669536,301.2857922,56.8934527,25.20255336990909,697972123,g,60610.1829232,32.3402
z,13290027,60.2236846,-37.1910992,1567525349208669536,9800.9615262,805.2123068,21.42182828907526,13290027,z,59598.1203542,31.4368
g,221575087,60.2236846,-37.1910992,1567525349208669536,329.9487397,60.5944001,25.10388381541619,221575087,g,59879.1825642,32.3443
z,899727014,60.2236846,-37.1910992,1567525349208669536,3602.7278837,533.4586297,22.508421347934256,899727014,z,60894.3848072,31.4621
g,944220018,60.2236846,-37.1910992,1567525349208669536,947.3697541,92.2234978,23.958701211879436,944220018,g,60962.2747952,32.3387
z,1174424101,60.2236846,-37.1910992,1567525349208669536,4912.8904849,567.8360942,22.171657291949593,1174424101,z,61306.2399712,31.4556
z,538449143,60.2236846,-37.1910992,1567525349208669536,4328.4785153,472.5118049,22.309161834479475,538449143,z,60369.0413212,31.4588
z,426671176,60.2236846,-37.1910992,1567525349208669536,3527.9041889,556.2082617,22.53120804495957,426671176,z,60185.3816192,31.4564
y,1138157181,60.2236846,-37.1910992,1567525349208669536,3422.8612786,1677.8028895,22.564026753878462,1138157181,y,61251.3506602,30.6131
y,1011332046,60.2236846,-37.1910992,1567525349208669536,5152.530707,1208.4215026,22.11994852830374,1011332046,y,61073.0844602,30.6331
g,221577108,60.2236846,-37.1910992,1567525349208669536,304.4278199,59.1280496,25.191289156059618,221577108,g,59879.1834782,32.3412
y,1214712109,60.2236846,-37.1910992,1567525349208669536,6932.8440771,1239.5143667,21.79772141794262,1214712109,y,61368.1473152,30.6371
y,936435008,60.2236846,-37.1910992,1567525349208669536,5053.4380798,1446.995217,22.141032628443135,936435008,y,60952.1905442,30.6216
g,1193917179,60.2236846,-37.1910992,1567525349208669536,1111.5964977,84.5199787,23.785132075553413,1193917179,g,61329.2528482,32.3372
y,206032059,60.2236846,-37.1910992,1567525349208669536,7408.9053775,1293.7999801,21.72561487938627,206032059,y,59859.1617872,30.6319
y,669807026,60.2236846,-37.1910992,1567525349208669536,7253.6295918,1332.7874794,21.748611563832917,669807026,y,60574.2335862,30.6328
y,647561132,60.2236846,-37.1910992,1567525349208669536,6640.9205251,1546.350946,21.844429292821445,647561132,y,60541.3143602,30.6227
y,267499071,60.2236846,-37.1910992,1567525349208669536,4238.027426,1080.8100506,22.33209059279954,267499071,y,59952.0794222,30.6371
y,708490150,60.2236846,-37.1910992,1567525349208669536,6506.6808016,1354.0094552,21.86660124484662,708490150,y,60626.0906782,30.6271
z,209010176,60.2236846,-37.1910992,1567525349208669536,2551.063459,559.5148876,22.88319684489973,209010176,z,59862.3290622,31.4656
g,680258043,60.2236846,-37.1910992,1567525349208669536,478.7440978,66.9947502,24.69974141798228,680258043,g,60588.2055822,32.3409
z,426666158,60.2236846,-37.1910992,1567525349208669536,4951.0318119,578.5090664,22.163260707960298,426666158,z,60185.3793692,31.4557
z,1174348144,60.2236846,-37.1910992,1567525349208669536,5374.1641494,605.9590038,22.074222681336078,1174348144,z,61306.2048932,31.4539
z,426924101,60.2236846,-37.1910992,1567525349208669536,6303.5955388,828.4012103,21.901029151273455,426924101,z,60187.2732892,31.4467
z,462708018,60.2236846,-37.1910992,1567525349208669536,8562.9340743,847.9957421,21.568443498954636,462708018,z,60247.3094792,31.4429
g,400459029,60.2236846,-37.1910992,1567525349208669536,586.1767871,77.3256402,24.479928459600607,400459029,g,60145.4230152,32.3424
z,550788180,60.2236846,-37.1910992,1567525349208669536,4972.9681603,580.4689061,22.15846080338248,550788180,z,60390.0192072,31.4568
g,960132007,60.2236846,-37.1910992,1567525349208669536,2271.093828,108.9505411,23.009412307404332,960132007,g,60993.0732902,32.328
z,462666053,60.2236846,-37.1910992,1567525349208669536,5781.0990744,783.5348323,21.994973969445567,462666053,z,60247.2877442,31.4485
g,921354080,60.2236846,-37.1910992,1567525349208669536,426.5880305,67.1666577,24.824978336121355,921354080,g,60934.2798322,32.3409
z,209063067,60.2236846,-37.1910992,1567525349208669536,3644.6937413,600.0722982,22.495847397481246,209063067,z,59862.3551122,31.4635
g,975990069,60.2236846,-37.1910992,1567525349208669536,771.0582088,73.5071851,24.182282087277265,975990069,g,61017.0932672,32.3414
z,1213249004,60.2236846,-37.1910992,1567525349208669536,7915.775051,729.3983419,21.653766389972063,1213249004,z,61366.1301392,31.4451
z,750359059,60.2236846,-37.1910992,1567525349208669536,3905.8189114,582.7476016,22.420719740307845,750359059,z,60688.1581132,31.463
g,637867080,60.2236846,-37.1910992,1567525349208669536,910.3275738,88.6155016,24.002005755750787,637867080,g,60530.3510532,32.338
r,447521032,60.2236846,-37.1910992,1567525349208669536,3308.2427228,179.5979667,22.601006585385228,447521032,r,60223.1889222,32.1621
i,976253090,60.2236846,-37.1910992,1567525349208669536,1697.9625175,285.3368278,23.32517975257791,976253090,i,61017.2222482,31.8504
r,618860158,60.2236846,-37.1910992,1567525349208669536,2011.7557891,157.9918139,23.14106185064491,618860158,r,60502.4216612,32.1713
i,945618130,60.2236846,-37.1910992,1567525349208669536,1786.9697696,229.0609697,23.269706986121108,945618130,i,60964.1595982,31.8498
r,909811012,60.2236846,-37.1910992,1567525349208669536,3731.3938549,178.4270809,22.470322270066,909811012,r,60905.3215722,32.1647
r,1155568044,60.2236846,-37.1910992,1567525349208669536,1490.0904636,136.789345,23.46696841177186,1155568044,r,61272.3206182,32.1752
i,752164048,60.2236846,-37.1910992,1567525349208669536,1478.8286331,309.311967,23.475205373004723,752164048,i,60691.1474602,31.8531
r,1190763115,60.2236846,-37.1910992,1567525349208669536,1526.5808765,130.1059629,23.440700455833493,1190763115,r,61325.1981912,32.1763
i,1013680171,60.2236846,-37.1910992,1567525349208669536,5326.7058857,492.8874129,22.08385320535529,1013680171,i,61076.1244532,31.8317
r,193148054,60.2236846,-37.1910992,1567525349208669536,963.8262424,165.2823546,23.940003133003717,193148054,r,59839.3345202,32.176
r,456684018,60.2236846,-37.1910992,1567525349208669536,1624.9416655,230.0191765,23.372905563337678,456684018,r,60240.1312592,32.1733
r,1192990098,60.2236846,-37.1910992,1567525349208669536,1699.9177451,134.7380745,23.323930231427013,1192990098,r,61328.1948282,32.1714
r,414868086,60.2236846,-37.1910992,1567525349208669536,682.6129939,111.748702,24.314563622382835,414868086,r,60166.3362982,32.1783
r,943365039,60.2236846,-37.1910992,1567525349208669536,1634.5737504,173.4754421,23.366488699227567,943365039,r,60961.2673852,32.1736
r,970734061,60.2236846,-37.1910992,1567525349208669536,938.3277383,178.9030505,23.96911361280769,970734061,r,61009.2121972,32.1778
r,896807139,60.2236846,-37.1910992,1567525349208669536,1843.7033599,137.979129,23.23577238217815,896807139,r,60890.3948012,32.1737
r,913815119,60.2236846,-37.1910992,1567525349208669536,3812.7068854,166.4219054,22.446916453211344,913815119,r,60910.3611122,32.1611
r,942525099,60.2236846,-37.1910992,1567525349208669536,1156.4516844,189.2719096,23.74218126745129,942525099,r,60960.2595052,32.1802
r,212116116,60.2236846,-37.1910992,1567525349208669536,1176.2689371,198.6825565,23.723733429184126,212116116,r,59867.2380492,32.1809
r,1193025055,60.2236846,-37.1910992,1567525349208669536,1477.8660929,128.1553006,23.47591228722986,1193025055,r,61328.2113372,32.1767
r,655440151,60.2236846,-37.1910992,1567525349208669536,2064.2986468,153.1554532,23.113068680312185,655440151,r,60550.2853152,32.1689
r,746710161,60.2236846,-37.1910992,1567525349208669536,1640.0870653,218.4775284,23.362832741198286,746710161,r,60683.0936242,32.1749
r,970697142,60.2236846,-37.1910992,1567525349208669536,580.2742355,193.5538796,24.490916779812103,970697142,r,61009.1921402,32.1798
i,951328107,60.2236846,-37.1910992,1567525349208669536,1565.814332,172.9266186,23.413149340318974,951328107,i,60973.1727102,31.8518
i,635903133,60.2236846,-37.1910992,1567525349208669536,3056.9809956,250.3775644,22.686768152883587,635903133,i,60528.3683512,31.8433
i,880204149,60.2236846,-37.1910992,1567525349208669536,2696.4297627,376.5575397,22.82302721960874,880204149,i,60871.4182702,31.8475
i,256383120,60.2236846,-37.1910992,1567525349208669536,1310.6199145,172.2810133,23.60630809336891,256383120,i,59935.1103862,31.853
i,976413008,60.2236846,-37.1910992,1567525349208669536,2302.2830351,344.6544116,22.99460321672421,976413008,i,61017.2954122,31.8492
i,641114035,60.2236846,-37.1910992,1567525349208669536,1880.5249673,207.3353442,23.21430224043693,641114035,i,60534.3360342,31.8506
i,472180008,60.2236846,-37.1910992,1567525349208669536,3808.7505842,310.4201713,22.448043665388997,472180008,i,60269.1789462,31.8404
i,421647089,60.2236846,-37.1910992,1567525349208669536,1578.4907234,202.5830295,23.40439491515166,421647089,i,60180.3074612,31.8508
i,230740166,60.2236846,-37.1910992,1567525349208669536,1636.7586045,192.7604743,23.365038418244872,230740166,i,59898.1057172,31.8526
i,682761061,60.2236846,-37.1910992,1567525349208669536,1545.902931,190.469875,23.427044448512802,682761061,i,60591.1631442,31.8506
i,479512138,60.2236846,-37.1910992,1567525349208669536,2164.5574081,313.0130055,23.06157722849583,479512138,i,60279.1774102,31.8497
i,421642026,60.2236846,-37.1910992,1567525349208669536,2035.0723094,205.5980322,23.12855038745379,421642026,i,60180.3052292,31.8532
i,1030667134,60.2236846,-37.1910992,1567525349208669536,4468.0917424,450.1415328,22.274694795466147,1030667134,i,61098.0866502,31.8358
i,976147187,60.2236846,-37.1910992,1567525349208669536,1884.1959932,275.1189519,23.212184810203276,976147187,i,61017.1713232,31.8533
i,214558157,60.2236846,-37.1910992,1567525349208669536,1758.6940917,202.9380402,23.287024238537082,214558157,i,59870.2628022,31.8518
i,924093060,60.2236846,-37.1910992,1567525349208669536,1876.8281874,218.4975229,23.216438706671703,924093060,i,60937.2670152,31.8484
i,1217197003,60.2236846,-37.1910992,1567525349208669536,1041.0320113,295.587058,23.85633978977505,1217197003,i,61371.2834912,31.8528
i,214467027,60.2236846,-37.1910992,1567525349208669536,1570.685558,173.7316377,23.409776873641093,214467027,i,59870.2205402,31.8529
r,1006021072,60.2236846,-37.1910992,1567525349208669536,6224.1832685,268.8461,21.914794070522113,1006021072,r,61066.0685502,32.1488
r,985752177,60.2236846,-37.1910992,1567525349208669536,1221.7146974,116.8958636,23.682575503669234,985752177,r,61032.0880422,32.1777
i,678494064,60.2236846,-37.1910992,1567525349208669536,1840.9477874,197.9999281,23.237396321740537,678494064,i,60586.1857402,31.8521
r,417054124,60.2236846,-37.1910992,1567525349208669536,1286.4904925,125.4847599,23.626483547477932,417054124,r,60175.3384052,32.1773
i,280271131,60.2236846,-37.1910992,1567525349208669536,1299.4583949,314.7291038,23.61559405215156,280271131,i,59975.1659432,31.8521
i,654493097,60.2236846,-37.1910992,1567525349208669536,2511.359436,248.6146317,22.900227812104635,654493097,i,60549.2857612,31.8471
i,214437166,60.2236846,-37.1910992,1567525349208669536,1485.405127,171.411619,23.470387703535287,214437166,i,59870.2069592,31.8512
i,1217228042,60.2236846,-37.1910992,1567525349208669536,1703.6799395,316.1777836,23.321529975749613,1217228042,i,61371.2980002,31.8523
i,1231987036,60.2236846,-37.1910992,1567525349208669536,1109.6833351,258.3462609,23.78700234005892,1231987036,i,61394.2011482,31.8513
u,677650018,60.2236846,-37.1910992,1567525349208669536,100.4050372,182.212673,26.395611246531082,677650018,u,60585.1964052,30.4897
u,200813140,60.2236846,-37.1910992,1567525349208669536,-83.7180541,198.9714523,--,200813140,u,59851.2454542,30.4733
i,966847129,60.2236846,-37.1910992,1567525349208669536,2644.4853946,233.5983774,22.844147068078875,966847129,i,61003.0775692,31.8445
u,740371042,60.2236846,-37.1910992,1567525349208669536,33.3024884,215.4678898,27.5938082857528,740371042,u,60674.1070342,30.4729
u,677649177,60.2236846,-37.1910992,1567525349208669536,-1.5230293,173.6924366,--,677649177,u,60585.1959572,30.4805
u,660272118,60.2236846,-37.1910992,1567525349208669536,162.842557,172.0806145,25.870580217060024,660272118,u,60557.2776822,30.4813
i,929448002,60.2236846,-37.1910992,1567525349208669536,2907.0420816,244.2820048,22.74137170361969,929448002,i,60943.2071222,31.8466
u,2336140,60.2236846,-37.1910992,1567525349208669536,76.9917887,194.1091156,26.683888976433693,2336140,u,59583.1218862,30.4778
i,641065140,60.2236846,-37.1910992,1567525349208669536,1887.1415419,214.2912354,23.210488812702653,641065140,i,60534.3135312,31.8497
r,716080115,60.2236846,-37.1910992,1567525349208669536,1418.2528994,128.3162974,23.52061579978514,716080115,r,60636.1546682,32.1754
i,472178183,60.2236846,-37.1910992,1567525349208669536,3212.8981317,305.340548,22.632757609978903,472178183,i,60269.1779002,31.8403
i,214464014,60.2236846,-37.1910992,1567525349208669536,1486.233844,172.0238021,23.469782133287687,214464014,i,59870.2191692,31.8517
i,227950126,60.2236846,-37.1910992,1567525349208669536,897.873759,234.8472789,24.016961802050446,227950126,i,59887.2025932,31.8527
r,1193691181,60.2236846,-37.1910992,1567525349208669536,2984.2117618,170.9125195,22.71292590564745,1193691181,r,61329.1386152,32.1671
r,896755017,60.2236846,-37.1910992,1567525349208669536,1689.4654128,144.741739,23.33062673698501,896755017,r,60890.3703462,32.1735
i,682796165,60.2236846,-37.1910992,1567525349208669536,1756.6496876,202.9528767,23.288287093004882,682796165,i,60591.1790982,31.8508
u,418204029,60.2236846,-37.1910992,1567525349208669536,423.6399387,173.094109,24.83250775869071,418204029,u,60176.3987112,30.489
u,1187398024,60.2236846,-37.1910992,1567525349208669536,158.9993451,230.6556455,25.89651166121211,1187398024,u,61321.1698302,30.4663
u,2349019,60.2236846,-37.1910992,1567525349208669536,-146.6938349,205.5696003,--,2349019,u,59583.1278552,30.4755
i,678519136,60.2236846,-37.1910992,1567525349208669536,1863.5975072,200.9297801,23.224119697869597,678519136,i,60586.1969662,31.8516
u,1186589141,60.2236846,-37.1910992,1567525349208669536,24.4592814,166.4202087,27.928890766102874,1186589141,u,61320.2020102,30.4883
i,713382024,60.2236846,-37.1910992,1567525349208669536,4402.3809318,483.2859402,22.29078095317259,713382024,i,60632.2699062,31.8324
u,1168272076,60.2236846,-37.1910992,1567525349208669536,-71.0662103,181.3335328,--,1168272076,u,61297.2704192,30.4892
u,433045035,60.2236846,-37.1910992,1567525349208669536,157.7532083,215.4516789,25.90505449886539,433045035,u,60200.2411052,30.4718
i,1165870032,60.2236846,-37.1910992,1567525349208669536,3788.0355692,338.1751345,22.453964879191204,1165870032,i,61286.3394802,31.8383
i,471999174,60.2236846,-37.1910992,1567525349208669536,2487.522798,285.9152482,22.910582325701593,471999174,i,60269.0941882,31.8437
u,660254030,60.2236846,-37.1910992,1567525349208669536,301.3670578,175.6990023,25.202260554552268,660254030,u,60557.2695702,30.4907
u,949038095,60.2236846,-37.1910992,1567525349208669536,136.4589778,210.6167994,26.062494715746723,949038095,u,60970.1817912,30.4677
u,2334117,60.2236846,-37.1910992,1567525349208669536,30.917978,190.4204977,27.674472290454506,2334117,u,59583.1209632,30.4748
i,934096155,60.2236846,-37.1910992,1567525349208669536,3067.6965307,251.9641371,22.682969012036665,934096155,i,60949.3122052,31.8441
i,686593024,60.2236846,-37.1910992,1567525349208669536,3094.4276641,334.435713,22.673549162496904,686593024,i,60596.2383012,31.8446
u,885346089,60.2236846,-37.1910992,1567525349208669536,-21.0406181,204.438961,--,885346089,u,60878.3988782,30.4732
r,1190718011,60.2236846,-37.1910992,1567525349208669536,1445.1043619,138.7672433,23.50025197022591,1190718011,r,61325.1771832,32.172
r,1218519014,60.2236846,-37.1910992,1567525349208669536,1228.4643334,205.6337747,23.676593620207264,1218519014,r,61373.2434012,32.1783
r,451797134,60.2236846,-37.1910992,1567525349208669536,4787.5133818,183.8071024,22.199724997762594,451797134,r,60232.2935772,32.1546
r,655406145,60.2236846,-37.1910992,1567525349208669536,2314.506378,153.9481579,22.988854045275524,655406145,r,60550.2697942,32.17
i,204708170,60.2236846,-37.1910992,1567525349208669536,1686.6614381,191.6252522,23.332430210422736,204708170,i,59857.3484412,31.8518
r,1230596045,60.2236846,-37.1910992,1567525349208669536,1227.4878869,146.2083611,23.6774569622252,1230596045,r,61392.1974272,32.1768
r,718818011,60.2236846,-37.1910992,1567525349208669536,1138.1145262,115.9548307,23.759535083881175,718818011,r,60643.0669522,32.1783
i,924174065,60.2236846,-37.1910992,1567525349208669536,2282.6490892,220.3888627,23.003902118271313,924174065,i,60937.3042232,31.8461
r,193848172,60.2236846,-37.1910992,1567525349208669536,780.5992882,107.5598316,24.16892962267969,193848172,r,59840.2471442,32.1816
r,193187041,60.2236846,-37.1910992,1567525349208669536,1306.5505144,170.8908812,23.609684486844927,193187041,r,59839.3530702,32.1786
r,1006041138,60.2236846,-37.1910992,1567525349208669536,7455.7959358,274.0463751,21.718764967692326,1006041138,r,61066.0835852,32.1437
r,40327084,60.2236846,-37.1910992,1567525349208669536,1555.1742674,133.8834024,23.420552345966442,40327084,r,59634.0870892,32.1761
r,1189463148,60.2236846,-37.1910992,1567525349208669536,796.5712815,105.525234,24.14693838777086,1189463148,r,61323.3651752,32.1798
r,721915064,60.2236846,-37.1910992,1567525349208669536,1403.3560913,128.5237989,23.532080289883616,721915064,r,60647.1676762,32.1761
r,788843181,60.2236846,-37.1910992,1567525349208669536,4517.6816481,236.5243314,22.26271094048068,788843181,r,60740.0569922,32.1565
r,456744178,60.2236846,-37.1910992,1567525349208669536,2274.4274413,233.4535587,23.007819783648774,456744178,r,60240.1585072,32.1718
r,401650076,60.2236846,-37.1910992,1567525349208669536,1830.0396248,148.0600562,23.24384876659513,401650076,r,60147.4116142,32.1714
r,242468106,60.2236846,-37.1910992,1567525349208669536,1434.8785641,183.1799965,23.50796213090145,242468106,r,59914.1321392,32.1763
r,436581042,60.2236846,-37.1910992,1567525349208669536,639.3426941,94.2759883,24.385665733077186,436581042,r,60206.3066542,32.1803
i,410959072,60.2236846,-37.1910992,1567525349208669536,2034.7956811,336.4807398,23.128697982098988,410959072,i,60162.3558482,31.8496
r,436537042,60.2236846,-37.1910992,1567525349208669536,902.9858878,102.7010481,24.010797592373706,436537042,r,60206.2838622,32.1794
i,692684008,60.2236846,-37.1910992,1567525349208669536,1397.880909,283.4562064,23.536324565694763,692684008,i,60603.3440272,31.8528
r,242505076,60.2236846,-37.1910992,1567525349208669536,1434.1171549,173.0511365,23.508538422841525,242505076,r,59914.1503912,32.1768
i,945621065,60.2236846,-37.1910992,1567525349208669536,2574.5653912,230.6054434,22.873240182706382,945621065,i,60964.1609392,31.8468
r,942567058,60.2236846,-37.1910992,1567525349208669536,948.4793737,195.1267722,23.957430272865217,942567058,r,60960.2786722,32.1775
i,635904006,60.2236846,-37.1910992,1567525349208669536,2626.2770049,243.5704908,22.8516486722396,635904006,i,60528.3688052,31.8428
r,655433121,60.2236846,-37.1910992,1567525349208669536,2601.4574854,156.4124354,22.861958168036097,655433121,r,60550.2819792,32.1667
r,694266138,60.2236846,-37.1910992,1567525349208669536,826.337202,186.137652,24.107106736771534,694266138,r,60605.3240872,32.181
r,716037109,60.2236846,-37.1910992,1567525349208669536,1359.7410454,125.2364793,23.566359481394446,716037109,r,60636.1346392,32.1776
i,932414154,60.2236846,-37.1910992,1567525349208669536,2694.3810602,242.3666482,22.82385245746523,932414154,i,60946.3470132,31.8457
i,966879030,60.2236846,-37.1910992,1567525349208669536,2011.2016519,224.5948265,23.141360957375753,966879030,i,61003.0922032,31.8465
r,913774008,60.2236846,-37.1910992,1567525349208669536,4361.1998528,176.9792269,22.300985028111487,913774008,r,60910.3417092,32.1569
r,694315082,60.2236846,-37.1910992,1567525349208669536,840.7689376,190.4318799,24.088308354480073,694315082,r,60605.3469472,32.1816
