LAMBDA0,LAMBDA,Llam
99467.73103483873,100452.46157208363,0.0
99071.44456539988,100052.25186659735,0.0
98676.7392540178,99653.63897263257,0.0
98283.60141998819,99256.60907404608,0.0
97892.0378304413,98861.16900496268,0.0
97502.0282179958,98467.29829735396,0.0
97113.5726522595,98074.99702151687,0.0
96726.66449211887,97684.25847059085,0.0
96341.30366968681,97295.0825760167,0.0
95957.47059711874,96907.44955603022,0.0
95575.17178826779,96521.36598897165,0.0
95194.3943385414,96136.81884249297,0.0
94815.131911702,95753.80171762785,0.0
94437.38448394672,95372.31459033779,0.0
94061.13947745123,94992.344758278,0.0
93686.39072525174,94613.88599343173,0.0
93313.13822141934,94236.9382898114,0.0
92941.37575982958,93861.4953798519,0.0
92571.09117787512,93487.54498053608,0.0
92202.28448245305,93115.08709882933,0.0
91834.94370987294,92744.10965260069,0.0
91469.06300372985,92374.60672746679,0.0
91104.64819840007,92006.58421556423,0.0
90741.68170352085,91640.0243523857,5.360393453994316e+33
90380.15780501612,91274.92136728577,0.0
90020.08220120851,90911.28101500048,0.0
89661.43207984549,90549.08025743595,3.086880774921996e+33
89304.21877659135,90188.33054247961,0.0
88948.42538704489,89829.01479837664,3.4803199997819697e+33
88594.04641569675,89471.12747521215,0.0
88241.08186889319,89114.66857939523,0.0
87889.5262010282,88759.63251041838,0.0
87539.36853262948,88406.00828110252,0.0
87190.60352746138,88053.79050238326,0.0
86843.23117632832,87702.97916497398,0.0
86497.24084311444,87353.56352746127,0.0
86152.63250830509,87005.5435701373,0.0
85809.39569293695,86658.90871029702,2.7195127189449896e+33
85467.52524218126,86313.65374207885,6.007540901951275e+33
85127.01603496495,85969.77349371111,3.01320361431475e+33
84787.86802557128,85627.26791902444,0.0
84450.06603380553,85286.1216875402,4.684864749492479e+33
84113.61508098154,84946.33987028326,0.0
83778.49528730648,84607.90239065081,0.0
83444.71657790107,84270.81927202229,0.0
83112.26905825248,83935.08052192918,0.0
82781.14301917999,83600.67633506987,3.2592848594270107e+33
82451.33846956296,83267.60672041164,0.0
82122.8458324445,82935.8620061857,0.0
81795.66509433174,82605.44217876562,0.0
81469.78680711311,82276.33769650353,2.2949292777921613e+33
81145.20169737538,81948.5391941794,0.0
80821.91898933671,81622.05598733114,7.249645695188195e+33
80499.92022112128,81296.86943131039,0.0
80179.19640949235,80972.97045394633,3.78346712309912e+33
79859.76557480734,80650.37725399794,0.0
79541.59179394277,80329.05355270281,4.273155326457486e+33
79224.69298663693,80009.01744720463,0.0
78909.06018355716,79690.25987937438,7.225859700677918e+33
78594.68457717283,79372.77195448685,2.0719350501009567e+33
78281.5575185603,79056.54493799404,0.0
77969.67904212706,78741.57886464412,0.0
77659.04060335191,78427.8651053251,2.3933084988857894e+33
77349.64220306647,78115.40366087682,1.6953430339725707e+33
77041.47539866387,77804.18600511065,3.3115284220882226e+34
76734.54015712123,77494.21210467673,5.331706308133009e+33
76428.81994121017,77185.46525862814,4.802532798054137e+33
76124.32300828249,76877.95380606448,1.702925707853867e+34
75821.04111088288,76571.66941788062,7.219739807600546e+33
75518.96614590561,76266.60391075007,1.6559172565920398e+34
75218.09015174232,75962.74924424457,1.396344862215614e+34
74918.42105240903,75660.11342082788,2.7970122317000405e+34
74619.93516355092,75358.67252167007,3.023589213274501e+34
74322.6481806251,75058.44239761328,2.2947341104655174e+34
74026.5444417047,74759.40723167757,3.003101846240724e+33
73731.61629210757,74461.55929339943,3.236661539535502e+34
73437.86377362804,74164.89862498695,3.461669374298103e+34
73145.28681593851,73869.4251554163,5.401654733558968e+34
72853.8703478098,73575.12366425311,4.234526058748054e+34
72563.61443655926,73281.9942194812,3.7742706878007295e+34
72274.51171075008,72990.0293766865,4.954475602900663e+34
71986.56946159914,72699.23649926897,2.6482435098131887e+34
71699.77300505669,72409.60075780675,3.1334467410953067e+34
71414.11516530807,72121.11490544463,3.660772545651065e+34
71129.59598330456,71833.77898353928,4.0550336879784577e+34
70846.2083505931,71547.58581326397,2.3831907854817176e+34
70563.95226103903,71262.53538842332,3.007456953928937e+34
70282.8206722429,70978.62059689811,3.077839058057243e+34
70002.81353150467,70695.84138546657,4.392252146516489e+34
69723.9170417249,70414.18382043797,2.2571811958289413e+34
69446.13126686936,70133.64796641137,7.268657469724996e+33
69169.45616448956,69854.233780518,3.2005451977967907e+34
68893.87827164,69575.92766652924,1.7750860865441253e+34
68619.39765701674,69298.72969382121,4.3427542729947995e+34
68346.01428407899,69022.63982549138,5.237390284477855e+34
68073.72151261967,68747.6513555946,6.04925381821093e+34
67802.51280810732,68473.75768490758,4.1337732130037416e+34
67532.38173959822,68200.95231882024,4.576213797338649e+34
67263.32832434804,67929.23527475909,6.164441856373495e+34
66995.34618105854,67658.60010825102,4.225165333571668e+34
66728.43527450143,67389.046783719,5.77221875319781e+34
66462.5830758265,67120.56264827718,5.166891288867203e+34
66197.78964603262,66853.14776352834,3.87467593556246e+34
65934.05494468004,66586.80208863238,5.609169971919957e+34
65671.37278210217,66321.519372645,3.586339399308859e+34
65409.73106193178,66057.2873994449,5.315847570701368e+34
65149.13583370797,65794.11227846169,3.860298543527569e+34
64889.575137341446,65531.981931201124,4.472101984385135e+34
64631.054871287306,65270.90231451305,4.909020029940563e+34
64373.55739671866,65010.85561494617,5.983469112704067e+34
64117.0886022782,64751.84777944075,4.313843406032766e+34
63861.64265200527,64493.87291426012,3.5093606852082905e+34
63607.21379681801,64236.92521340651,6.4339495544972815e+34
63353.80200312933,63981.00464296031,9.629421548792561e+34
63101.39597061476,63726.09979072385,3.0480491257808946e+34
62849.99574285787,63472.21070071217,7.697808345614748e+34
62599.59577028605,63219.33176841188,6.5519566964252595e+34
62350.19603737031,62967.46297814028,6.524904359438626e+34
62101.78561420559,62716.59329178622,2.106488160730045e+34
61854.36992347434,62466.72818571674,8.375586105470844e+34
61607.938149493995,62217.856737173985,5.445483382755299e+34
61362.49028836114,61969.97894221592,1.3777537863503454e+35
61118.015763202086,61723.08411925779,6.642166812146329e+34
60874.51983412435,61477.17758048218,8.134761604241498e+34
60631.99203167991,61232.248752793545,6.399295847449451e+34
60390.4272408777,60988.292470562395,1.0700366503703109e+35
60149.83056829151,60745.3138909176,1.282429488973431e+35
59910.186727701905,60503.297576306155,7.192515506982808e+34
59671.50080472032,60262.24866268705,8.507028491644366e+34
59433.76772380611,60022.16202427179,8.751250740960607e+34
59196.977563016015,59783.02764088987,6.784927382020446e+34
58961.13525463864,59544.850493659564,8.115526002643871e+34
58726.230971902456,59307.62065852429,6.270645145754147e+34
58492.2599084642,59071.33328155799,1.0728296129697383e+35
58259.222083199835,58835.98838182352,8.023925533277198e+34
58027.117426263336,58601.585888783346,6.129260719879409e+34
57795.93172346351,58368.1114475258,1.4752557366203406e+35
57565.66971666303,58135.569846858,1.1663143857947219e+35
57336.322076311735,57903.95166486722,1.1917108563667669e+35
57107.89340558732,57673.26155030263,7.349981218103024e+34
56880.369920970064,57443.48558318767,8.157415655274685e+34
56653.75619806193,57214.628384422744,9.16932500236876e+34
56428.043182250054,56986.68080975433,8.912760809361219e+34
56203.23088155884,56759.642867286275,1.2968908298320223e+35
55979.314822724584,56533.51003946956,1.0870115081124378e+35
55756.28622767679,56308.27346133079,6.627872061856511e+34
55534.15381694498,56083.94193973274,1.1261596320398286e+35
55312.90019954034,55860.49791151579,1.1212231368205765e+35
55092.52973860815,55637.945783020376,1.1032764268928002e+35
54873.03812890574,55416.28120638191,9.709185821232613e+34
54654.42111755631,55195.49988662012,1.0228948259597628e+35
54436.67450301524,54975.59758059509,1.3487966013794658e+35
54219.79413405516,54756.57009598231,7.467085227689886e+34
54003.7799998403,54538.41742183872,8.477619121744982e+34
53788.62389066793,54321.13126718554,1.4467298708479444e+35
53574.32582739314,54104.711653084334,7.972048439568374e+34
53360.8857492284,53889.15851814576,1.4777662249101817e+35
53148.29162791698,53674.45971503336,9.435898376070154e+34
52936.543527818365,53460.61530874377,1.2894885481697533e+35
52725.64143192787,53247.62528210396,7.628156627232725e+34
52515.5813747868,53035.48563039719,1.0955022335153516e+35
52306.35559789283,52824.18851831197,8.270077878473672e+34
52097.96412366265,52613.73396848691,1.2763480597543294e+35
51890.3993408129,52404.11429428695,1.291615881980619e+35
51683.6650418062,52195.33332572008,1.2308460812313235e+35
51477.75366884235,51987.38343016389,5.502315677687312e+34
51272.66519991829,51780.264585397475,1.0409918112188355e+35
51068.3922187313,51573.96930169674,3.8388252625808573e+34
50864.931095116066,51368.49391295772,9.537048405346827e+34
50662.28183763045,51163.83842782299,7.0092503295409335e+34
50460.440805974504,50959.999169953655,1.445682289682637e+35
50259.40085454063,50756.96892300058,1.1676740965653181e+35
50059.1655335437,50554.75127232579,8.521356009141629e+34
49859.72774296952,50353.33904762492,6.8344289189613535e+34
49661.08399053858,50152.728722044914,1.533215885824146e+35
49463.230819165845,49952.916804275585,1.1900492865351076e+35
49266.164806263514,49753.89983784552,6.448802120031791e+34
49069.88594073919,49555.67781155251,1.3301369776838145e+35
48874.387435556935,49358.24387116895,5.844220258933323e+34
48679.669292382954,49161.59801837755,1.814057652370896e+35
48485.72484349293,48965.73351944351,1.0710399105053017e+35
48292.557373066724,48770.653691060084,1.3862912131744527e+35
48100.157005722445,48576.348560079095,7.909070561006339e+34
47908.520544373256,48382.81489776255,1.0077370484634202e+35
47717.651209453565,48190.05595642715,1.3787571266133666e+35
47527.539372205545,47998.06201199038,1.3356271834028725e+35
47338.18821002127,47806.836273300476,1.3581224988874816e+35
47149.58825395123,47616.36917766535,1.6403049065014647e+35
46961.74263764588,47426.66388975858,1.5391761235361452e+35
46774.64511716745,47237.714103827406,1.6096081097561193e+35
46588.289574516195,47049.51364130391,1.2316513263252151e+35
46402.67907655386,46862.06559941175,1.29460444592197e+35
46217.80753354211,46675.36382812418,1.6184185361558913e+35
46033.674923010265,46489.40830474807,1.2750091150238581e+35
45850.27230602319,46304.19000185282,1.2895200442930862e+35
45667.60265906828,46119.71192539306,1.1305074548144255e+35
45485.66008864678,45935.968123524384,1.576189682962356e+35
45304.44169746432,45752.95567026921,2.2545882367079613e+35
45123.94746763289,45570.674547562456,1.1913646760352293e+35
44944.16881232339,45389.11608356539,1.6736724229313426e+35
44765.10859244768,45208.28316751291,1.4866805486433456e+35
44586.761144690965,45028.1700800234,1.1785589494949588e+35
44409.12644987486,44848.77680172862,1.705513930260432e+35
44232.19618817743,44670.09493044039,2.4138624494800815e+35
44055.97312667947,44492.1272606336,2.0074024010031148e+35
43880.45177516849,44314.86824774266,2.3142419504245698e+35
43705.62942962778,44138.315160981096,2.25338188976366e+35
43531.50340533092,43962.4652890437,2.6622177955067785e+35
43358.071036459936,43787.31593972089,1.5186925817638536e+35
43185.329675731315,43612.86443952106,1.992679785631255e+35
43013.27669402968,43439.10813330057,2.0509910042872137e+35
42841.90948004901,43266.0443839015,2.6745937550114822e+35
42671.22288571766,43093.66799228627,2.804598623732187e+35
42501.21946306052,42921.981535744824,2.926565490846381e+35
42331.88904990077,42750.97475149479,1.059968890155204e+35
42163.23670398392,42580.652747353364,2.7355604855775294e+35
41995.25488959808,42411.0079130051,2.1332839177176247e+35
41827.94360798289,42242.04024970192,1.7616923377908582e+35
41661.29792737565,42073.74477685667,2.3594525704374307e+35
41495.31783944203,41906.12148605251,2.7696200053100727e+35
41329.99848064143,41739.16546559978,3.0878503977196697e+35
41165.33983252746,41572.87669686948,4.006791730456125e+35
41001.3323815824,41407.24557216006,2.676910050076721e+35
40837.98089020566,41242.2769010187,3.6092034586630256e+35
40675.28062519938,41077.96590338886,3.0329676289145685e+35
40513.226940732726,40914.30788744598,3.2994627001216864e+35
40351.81984481233,40751.30286127597,4.689712569250227e+35
40191.054752203825,40588.946194250646,3.1777323549040705e+35
40030.93165750797,40427.2378809173,4.305315438089512e+35
39871.44603457482,40266.17335031711,4.146793547273161e+35
39712.59343966073,40105.74811471337,3.022628745845789e+35
39554.37828864984,39945.966633707474,3.8325120180694145e+35
39396.7917337862,39786.81997195069,3.2629848869555358e+35
39239.82946664244,39628.3037783622,3.724181138413029e+35
39083.495827546794,39470.42243623951,5.5717994757456076e+35
38927.786457399045,39313.1715433273,5.79374574084565e+35
38772.69707496063,39156.546776002746,4.5517958225992904e+35
38618.22347531682,39000.54388772246,4.7684926561916554e+35
38464.36567920463,38845.16289942876,3.895135501307743e+35
38311.11953082359,38690.39961417874,5.820496167893311e+35
38158.48503289832,38536.254034724014,3.562728490510905e+35
38006.462130195105,38382.72610528404,5.2234660454754375e+35
37855.03864955997,38229.80353219061,4.5145433642652636e+35
37704.22268781868,38077.494492428086,5.6802096675851185e+35
37554.00620219875,37925.790863600516,7.238022521558718e+35
37404.38919713891,37774.692650190584,6.289583173860252e+35
37255.36772623397,37624.19586672368,5.471156523955711e+35
37106.94177427043,37474.30049783571,5.968309285903559e+35
36959.103605321776,37324.998731014464,5.400461852736222e+35
36811.85707783428,37176.294462904836,6.707105523882428e+35
36665.19455772326,37028.179983844726,5.8303350393783606e+35
36519.11982149188,36880.65910772465,6.017585350740172e+35
36373.62533505848,36733.72422587556,6.883764106054125e+35
36228.7111117201,36587.37535172613,6.5178907679123874e+35
36084.37345651636,36441.608753735876,6.2187832974568654e+35
35940.60873658712,36296.42076307933,6.309150512166242e+35
35797.42057032663,36151.81503397286,6.222058835876791e+35
35654.80170726104,36007.784244162925,6.523791352631849e+35
35512.74860980507,35864.324821042144,6.0401373456947586e+35
35371.26481921987,35721.440340930145,6.074946989725157e+35
35230.34326436423,35579.123662681435,7.567156719977618e+35
35089.983952849856,35437.37479398307,6.027892371405688e+35
34950.18341188353,35296.19022766118,6.416448688270516e+35
34810.93822536491,35155.566513796024,7.078781507635621e+35
34672.25177824203,35015.50707084663,7.302867598736575e+35
34534.11391168835,34876.00163941406,9.657386571349616e+35
34396.528012922296,34737.053640250226,7.701005132558963e+35
34259.49072446609,34598.65968263831,7.340564159225219e+35
34122.998742614815,34460.8164301667,7.203076622615264e+35
33987.04881637355,34323.52059965565,6.919680857557178e+35
33851.64417637177,34186.77545371785,7.437850234576511e+35
33716.77514169376,34050.57121559653,9.88193465290849e+35
33582.44494259815,33914.91114752987,9.285575772270202e+35
33448.65037889988,33779.792017650994,9.348645487238687e+35
33315.39141439327,33645.21378939576,9.421114131580436e+35
33182.65869538919,33511.16701647354,9.180528293104083e+35
33050.458436992245,33377.65797551847,1.0085063284416937e+36
32918.781406674505,33244.67734260058,8.151259119158935e+35
32787.630678050424,33112.22822176312,1.0290468131083912e+36
32657.003193984747,32980.307525605196,9.187658561146266e+35
32526.895943985248,32848.9122138307,1.0582654658354008e+36
32397.305963281462,32718.03929231795,1.0327404979082952e+36
32268.233253172017,32587.68876237842,9.985641067124566e+35
32139.674867938575,32457.85764913117,1.0636643563208856e+36
32011.62790602422,32328.54302229386,1.0949989409334377e+36
31884.092361273477,32199.744875650085,1.0735183317006715e+36
31757.065349804598,32071.460296767666,1.001521896027031e+36
31630.541223471122,31943.683581583486,1.0196265613254075e+36
31504.522819070902,31816.417594979706,1.3229168128762053e+36
31379.007311247093,31689.65948362844,1.1055660401809284e+36
31253.991915887495,31563.40643585478,1.3875429684747846e+36
31129.473889310364,31437.655680814536,1.1144506112915556e+36
31005.453224551067,31312.407211474125,1.2662339293675387e+36
30881.924516421135,31187.655569133705,1.3140574443461818e+36
30758.88779265999,31063.400781807322,1.421819363427381e+36
30636.34303388276,30939.6428299182,1.7644358643180232e+36
30514.287562201585,30816.379009067383,1.2172569498375e+36
30392.716146013638,30693.604035859174,1.4696457775435087e+36
30271.62881508965,30571.31794035904,1.2382435114494738e+36
30151.02555278403,30449.520705756593,1.3113428488717205e+36
30030.90123654703,30328.207158788846,1.5125198395816924e+36
29911.25588036933,30207.377313584984,1.4642792231168315e+36
29792.086962500587,30087.028623429345,1.2942163068464047e+36
29673.394466004185,29967.161071217626,1.3167126912870961e+36
29555.173427825986,29847.769644761465,1.2461986604487029e+36
29437.423859316114,29728.854355523345,1.582254665061333e+36
29320.14331511367,29610.412733933295,1.5055108622479665e+36
29203.329382608703,29492.44234349653,1.4010595813393925e+36
29086.982054940476,29374.943177284385,1.4157372387382522e+36
28971.09892644046,29257.912805812222,1.6637057080755863e+36
28855.67528713623,29141.34647247888,1.679074094408214e+36
28740.71348488232,29025.246548382653,1.398872419526296e+36
28626.20655355759,28909.60599843781,1.4119804655796392e+36
28512.15910786345,28794.429483031297,1.6836865216478013e+36
28398.56426018855,28679.710046364416,1.8766406418874916e+36
28285.422031198603,28565.44770930747,1.735542455296563e+36
28172.732398301898,28451.642449045088,1.5150691705558758e+36
28060.490878369423,28338.28973806528,1.5814340391987389e+36
27948.695278754836,28225.38736201451,1.6932160906119937e+36
27837.34560819635,28112.935329717493,1.567253388073752e+36
27726.439676258316,28000.931429053275,1.5154320898019494e+36
27615.975319563244,27889.37347522692,1.562949258505177e+36
27505.952523875912,27778.261453862284,1.5930033548024714e+36
27396.36702196147,27667.591055478886,1.6116617965038042e+36
27287.218817842175,27557.362284138813,1.7034172560986254e+36
27178.503729298463,27447.57091621852,1.5350082020476863e+36
27070.223833003198,27338.21904894993,1.6164111107016415e+36
26962.372940606427,27229.30043271843,1.51985688364816e+36
26854.953111907384,27120.81714771527,1.8377504841760602e+36
26747.96228651981,27012.76711315636,1.70414436995142e+36
26641.396436871753,26905.146261596783,1.9075634914616618e+36
26535.255573246624,26797.954603421767,1.7755450135084997e+36
26429.537705754577,26691.190129041548,1.6193180268885327e+36
26324.240867209228,26584.8508517946,1.8780172060868065e+36
26219.36311267898,26478.934807494505,1.8547666159299837e+36
26114.902519046504,26373.440053985065,1.771926323341737e+36
26010.85908271564,26268.366587634526,1.8298968110355097e+36
25907.230877624454,26163.712463312935,1.9364014583057328e+36
25804.0141309011,26059.473870797025,2.214965996167526e+36
25701.210709582607,25955.652695607474,1.849129888866937e+36
25598.81502861845,25852.243297401772,1.8288692792778554e+36
25496.827112226634,25749.24570063768,2.3295239001168293e+36
25395.246945543844,25646.659890304727,2.460466484815536e+36
25294.07088546803,25544.482187234164,2.1499614827450497e+36
25193.297146236222,25442.71078798396,2.647632208568275e+36
25092.92572710338,25341.345691801704,2.823940035488721e+36
24992.953084285455,25240.38331981988,2.1380868647428254e+36
24893.379225266166,25139.823679596302,2.4454075200938332e+36
24794.202394907094,25039.664998616674,2.293798393738805e+36
24695.420855783374,24939.90552225563,2.547959838500783e+36
24597.032887834222,24840.54351342378,2.9833550864127754e+36
24499.03678801999,24741.57725222139,2.6467288176328848e+36
24401.43086998567,24643.00503559853,2.7779263298709205e+36
24304.21512095731,24544.826850654787,2.4113933843150656e+36
24207.384559333037,24447.037666470434,3.1990106909395e+36
24110.94084833961,24349.639162738174,3.4898125050379374e+36
24014.882326209965,24252.629661239444,2.7457411268876565e+36
23919.204136616212,24156.004257568715,3.300638853944038e+36
23823.90950261592,24059.766206691816,3.0505709586705897e+36
23728.993610646827,23963.91064739223,2.827075667256101e+36
23634.454897356987,23868.436000840822,3.0502821245784495e+36
23540.294922684163,23773.343842418737,3.4296071864134214e+36
23446.508992013525,23678.62943103446,3.2205286666322024e+36
23353.095583513004,23584.291229789782,3.291070183967289e+36
23260.056224226097,23490.330780845936,3.049934572651872e+36
23167.38633418928,23396.743458897752,2.749263646159418e+36
23075.085924499213,23303.529275151755,3.072501943623764e+36
22983.153489089993,23210.686708631983,3.362341703523583e+36
22891.58753453614,23118.214251128047,3.2638150885172106e+36
22800.385121314528,23026.10893401554,3.766773353093914e+36
22709.547709113518,22934.372231433743,3.5099199688057166e+36
22619.070935389114,22842.99973764947,3.62488894266161e+36
22528.95481304778,22751.991465696956,3.457769352358182e+36
22439.19790795224,22661.345967240966,3.55620427304884e+36
22349.79879718458,22571.061805276706,4.017875676224391e+36
22260.75606882504,22481.13755390641,3.7648303678153364e+36
22172.068321735176,22391.571798120356,3.693382802369665e+36
22083.73279710085,22302.36175179215,3.973969657912594e+36
21995.749504718642,22213.507424815358,3.445622313515916e+36
21908.117074276302,22125.00743331164,3.7651506666007974e+36
21820.83414542089,22036.860403460556,4.117508430227912e+36
21733.898042324527,21949.06363294354,4.0455172315414044e+36
21647.30877028455,21861.61712711037,4.431875376746781e+36
21561.064997414684,21774.51954088909,3.968042993869749e+36
21475.164107157296,21687.768231818154,4.648449691225385e+36
21389.606100300818,21601.363200693795,4.8168820592999244e+36
21304.38839840467,21515.301843548878,4.7596011040577644e+36
21219.509735457606,21429.582881838636,4.546415835876329e+36
21134.970106674395,21344.20631073047,4.606914806910358e+36
21050.768232029648,21259.17083752674,4.9753704842405836e+36
20966.899139621997,21174.471441104255,4.554138037174754e+36
20883.36532453359,21090.110641246476,5.2359420235331604e+36
20800.16431629159,21006.085943022877,5.290426539213627e+36
20717.29609907802,20922.39733045889,5.393631362257664e+36
20634.758236710873,20839.04234325431,5.47194515835373e+36
20552.545968261376,20756.016173347165,5.481159623361926e+36
20470.664058019887,20673.323632194286,5.205928673266187e+36
20389.107758136917,20590.959924942472,5.332259690274344e+36
20307.877067679405,20508.92505064943,5.443592657823919e+36
20226.969659233375,20427.216658859787,6.362330649312356e+36
20146.38324821357,20345.832442370884,4.790287342468844e+36
20066.117851323408,20264.77241805151,5.412849290307765e+36
19986.173454545715,20184.036571745717,5.66043446861143e+36
19906.547790233966,20103.62261335728,6.347717788825251e+36
19827.238631957494,20023.528294413874,6.1615491167779e+36
19748.24598198081,19943.75361720242,6.336383171456593e+36
19669.5676416677,19864.296361320212,6.259065704020131e+36
19591.203605652823,19785.156521348785,6.081024065275177e+36
19513.149565916287,19706.32974661886,6.429252585731827e+36
19435.40767983805,19627.818215868447,5.693245065748289e+36
19357.975801963014,19549.619762402446,5.743822375619505e+36
19280.853910955626,19471.73436467409,6.021794845027845e+36
19204.037817857745,19394.157792254537,5.572377865695313e+36
19127.527542798158,19316.89006547186,5.733205262080395e+36
19051.32103998847,19239.929118284355,5.51580863954066e+36
18975.420340398712,19163.27700176866,6.246973606845239e+36
18899.8213688458,19086.929600397376,6.308956726667684e+36
18824.522138396624,19010.88490756675,5.806455477159429e+36
18749.524641884564,18935.14493583922,6.003874003595332e+36
18674.824910011255,18859.705676620368,4.950331426149538e+36
18600.42295312485,18784.567140360785,5.52783995150071e+36
18526.318753178937,18709.72930883541,5.084902620335045e+36
18452.508443185798,18635.188276773337,5.403942695181706e+36
18378.992041150163,18560.94406235755,4.9848146073075307e+36
18305.769536896954,18486.996655312236,5.30075618258075e+36
18232.83716195579,18413.342249859154,5.0787228651497573e+36
18160.19679096267,18339.9827391932,5.007861308015745e+36
18087.84470438304,18266.91436695643,4.446328086392871e+36
18015.78273634678,18194.138985436613,4.7186201240526483e+36
17944.007215386515,18121.652886818843,4.7553574312582536e+36
17872.516351000842,18049.45426287575,4.5709312394367224e+36
17801.31193871869,17977.544926912004,4.7966316178136273e+36
17730.390398377203,17905.92126332114,4.816908174309858e+36
17659.749985871436,17834.581510731565,4.782095742655449e+36
17589.392457870672,17763.52744320359,4.491604976674128e+36
17519.316044403564,17692.757273243158,4.763603880799221e+36
17449.517295946614,17622.267517176486,5.043412434518541e+36
17379.997930448757,17552.0599099602,5.3165314313136095e+36
17310.7545408893,17482.131010844103,5.403060018703134e+36
17241.787137777945,17412.480830441946,5.194256359162389e+36
17173.09570528934,17343.109352771702,5.281835874269698e+36
17104.67691850132,17274.013219994486,5.647700995866172e+36
17036.530788805692,17205.19244361487,6.06204604994961e+36
16968.65568592076,17136.645377211375,5.319302229374083e+36
16901.051608223817,17068.372019145234,5.74661236945345e+36
16833.71693842406,17000.37073611446,5.84473654462352e+36
16766.650084692057,16932.63992053051,5.666327500960258e+36
16699.851045010386,16865.179570355987,6.190980520767278e+36
16633.316687227685,16797.986522431238,5.474464387069697e+36
16567.048573338037,16731.062354214086,5.65916758046803e+36
16501.045135218876,16664.405482057544,6.58266617391731e+36
16435.30331327339,16598.0128160748,6.167790704823944e+36
16369.824630679626,16531.885894523355,6.180901933522189e+36
16304.60606265701,16466.021662677314,6.34695070079146e+36
16239.647614826385,16400.420126213165,5.838877671177084e+36
16174.947800043796,16335.07978326423,6.298661223912172e+36
16110.505153616416,16269.999154637218,6.292684463828625e+36
16046.319677630818,16205.178242439362,7.108257205514317e+36
15982.391349786247,16140.61702414913,7.167518704360692e+36
15918.715858220992,16076.31114521738,6.659906342053767e+36
15855.29464564909,16012.262062641017,7.021720182299878e+36
15792.126286618346,15948.468336855867,6.756193702959951e+36
15729.209376634915,15884.9285494636,7.315690520378624e+36
15666.54390894291,15821.642693641445,7.212332956280409e+36
15604.127120632134,15758.607979126393,6.945512358797432e+36
15541.959023265685,15695.824417596015,7.533538720722032e+36
15480.038260035759,15633.290638810113,7.460995722082138e+36
15418.364827510553,15571.006639302908,8.145660558219496e+36
15356.937375612717,15508.971055631284,7.680454622682457e+36
15295.754573475204,15447.18254375261,9.27775741673857e+36
15234.815109061863,15385.639778641576,8.76690563462206e+36
15174.118980774309,15324.342758683975,8.507207093795711e+36
15113.663600598515,15263.28887024444,8.498703920533911e+36
15053.450254051562,15202.479411566674,8.558224735638226e+36
14993.476378930573,15141.911795081985,9.045833345840666e+36
14933.741973891532,15081.586019433058,8.444743369463536e+36
14874.244532107823,15021.49955297569,8.681218455744987e+36
14814.98406663064,14961.652408890284,8.091973650794137e+36
14755.96056781877,14902.044577440178,9.50627863405101e+36
14697.171579712152,14842.673578351303,9.596897592998191e+36
14638.617106457483,14783.539415811412,9.513019296878448e+36
14580.295937080473,14724.64086685757,9.644983856256235e+36
14522.208060060982,14665.977919855586,9.438398111823517e+36
14464.349920195802,14607.54698440574,9.778140695963036e+36
14406.722711310573,14549.349266152547,9.943233890959075e+36
14349.326412511386,14491.384743995248,9.766397821610639e+36
14292.15754298508,14433.649902660633,1.0267659623700028e+37
14235.216121403022,14376.144761004913,1.0457680369100759e+37
14178.50214453524,14318.869315766138,1.1200581166892806e+37
14122.014468652944,14261.822411892608,1.2597455735803749e+37
14065.75085444948,14205.00178790853,1.0888324797291177e+37
14009.712416108796,14148.408569028274,1.136124487768051e+37
13953.896933678036,14092.040513321448,1.1821034924582667e+37
13898.30331994317,14035.896522810608,1.1102097948158837e+37
13842.931576365074,13979.976598971089,1.2428726945376705e+37
13787.78061668347,13924.279644788638,1.261900873519456e+37
13732.849367953026,13868.80457669576,1.1789851071199577e+37
13678.136770280404,13813.55032430618,1.3061804745103062e+37
13623.642818008311,13758.516881906593,1.2008008298931521e+37
13569.364385411212,13703.701092826785,1.2990855124518146e+37
13515.303549899867,13649.105055043876,1.344016213106582e+37
13461.458235555045,13594.72667208704,1.3673040844122198e+37
13407.826411385155,13540.563892857868,1.2764647525484925e+37
13354.409092496973,13486.617742512693,1.3812914769503556e+37
13301.204263482648,13432.886185691126,1.3257639918807854e+37
13248.210937212234,13379.368225490636,1.1245415458434383e+37
13195.429114814622,13326.063863051288,1.1965345594706148e+37
13142.85780814017,13272.972100440758,1.2634389985062607e+37
13090.49604022257,13220.091951020773,1.2714240339942574e+37
13038.342845058212,13167.422439224289,1.1847677036007398e+37
12986.397267389604,13114.962600336761,1.1829731249392077e+37
12934.658362492759,13062.711480281438,1.2248537972830651e+37
12883.12612727193,13010.66907593192,1.1681372763681806e+37
12831.798691332398,12958.833498376589,1.2714207346084618e+37
12780.676057040697,12907.2047500054,1.21412912362807e+37
12729.75729806649,12855.781895317348,1.2820350459382507e+37
12679.040595921826,12804.563097821452,1.1353343371544405e+37
12628.526855064005,12753.54927092914,1.2873339499296727e+37
12578.214268941243,12702.738590203762,1.1370324576524118e+37
12528.10194956349,12652.130158864169,1.2133664400834308e+37
12478.189018056548,12601.723089335308,1.3581011776616104e+37
12428.474604481387,12551.516503065754,1.1479119999486504e+37
12378.958707495394,12501.510398699598,1.1381647648474905e+37
12329.64045398811,12451.703894482593,1.2973495666100246e+37
12280.518133370679,12402.095262891049,1.1202239488832224e+37
12231.59174951569,12352.684507835895,1.2097402568780414e+37
12182.860454857562,12303.470773360652,1.271456674273514e+37
12134.323410065668,12254.45321182532,1.1828746048225456e+37
12085.979783881918,12205.630983742349,1.2400806634023315e+37
12037.827939859453,12157.002436464061,1.1758038718473097e+37
11989.868695080071,12108.568395161365,1.2050358926386425e+37
11942.100421939871,12060.327216117075,1.3498562711281613e+37
11894.522319907708,12012.278090874795,1.278158501330245e+37
11847.133595757872,11964.420218355875,1.3474226987837898e+37
11799.933463425332,11916.752804713244,1.4333483514519614e+37
11752.921918932761,11869.275845930197,1.4746397553978573e+37
11706.097402716985,11821.987767003884,1.3888302780944307e+37
11659.459912291846,11774.888565423536,1.257885968177652e+37
11613.007914064676,11727.976692413917,1.4192645859586783e+37
11566.740655986308,11681.251388480574,1.536294376397253e+37
11520.65813709086,11634.71265264806,1.5481828215099583e+37
11474.75960012725,11588.35972016851,1.5604346448628808e+37
11429.042828342486,11542.190352343077,1.7110016025903667e+37
11383.509293422529,11496.206035427413,1.6913892210708802e+37
11338.156075265457,11450.403820410585,1.6027314234717758e+37
11292.98462245157,11404.78517021384,1.621302872471143e+37
11247.992771107827,11359.347899541795,1.7628744331108667e+37
11203.179817090802,11314.091297280002,1.6712202555012353e+37
11158.545760310819,11269.015363337896,1.86556385976362e+37
11114.089197542147,11224.118680597814,1.798821847171802e+37
11069.810128233423,11179.401248502934,1.7614824951111088e+37
11025.707170798467,11134.861671789373,1.8156649138212918e+37
10981.780323981639,11090.499949189058,1.8259927800301537e+37
10938.028227248666,11046.314706698427,1.943791229582635e+37
10894.45021243378,11002.305269536875,1.7926136749226834e+37
10851.046276736617,10958.47163487631,1.9236618539838087e+37
10807.814434650545,10914.811797553586,1.9882002037478294e+37
10764.75599819216,10871.327082574264,1.9986713717273401e+37
10721.868351223859,10828.014847900975,2.0909201689535223e+37
10679.151503638874,10784.875103524899,2.0788190104206587e+37
10636.6054489655,10741.90784291026,2.170775361749487e+37
10594.22827535773,10699.11113528377,2.135526219844681e+37
10552.020614424642,10656.485618507446,2.1085560714650098e+37
10509.980582572967,10614.02939034044,2.245613437489617e+37
10468.108184405939,10571.742455431558,2.0978238883314036e+37
10426.402188600297,10529.62357026744,2.1820668019989556e+37
10384.862597259042,10487.672736971906,2.4105230675583805e+37
10343.489396690227,10445.889941717462,2.340276336137439e+37
10302.280175536123,10404.27274927393,2.3667304243919636e+37
10261.234946282355,10362.821172250551,2.4446575509476714e+37
10220.353705642869,10321.535207328734,2.4899852681797067e+37
10179.635271969924,10280.413661162427,2.549737187498541e+37
10139.078485454384,10239.455362460381,2.6696535752903824e+37
10098.683352173512,10198.660317360029,2.5363524559710704e+37
10058.449862780732,10158.02851642226,2.502410681798585e+37
10018.37686646158,10117.55879743955,2.6971334089407293e+37
9978.462116019948,10077.248890968545,2.699656733331408e+37
9938.707854428158,10037.101062186997,2.8435365976809746e+37
9899.11183987233,9997.113047087067,2.875815027687859e+37
9859.672977095433,9957.283739568678,2.890755110757058e+37
9820.39127291886,9917.613146520756,2.8415919931614313e+37
9781.265645486003,9878.100175376314,2.9186982335492516e+37
9742.29716263127,9838.74590454132,3.0459135254791046e+37
9703.482616851416,9799.547094758245,3.134680174270817e+37
9664.823080362257,9760.504828857844,3.075234072916405e+37
9626.318537068408,9721.619090585385,3.232028008230001e+37
9587.966893222932,9682.887765465839,3.1420759835220226e+37
9549.767130086708,9644.309824674567,2.971705060605043e+37
9511.720277518907,9605.886308266345,3.025717249921365e+37
9473.82530395158,9567.616174460702,3.3304971062670126e+37
9436.081195863428,9529.498399702476,3.2372565156683184e+37
9398.486957423325,9491.531978301817,3.204765394522608e+37
9361.042593533164,9453.716915209143,3.356607734725796e+37
9323.748094809442,9416.053200948056,3.271085731575808e+37
9286.60150223674,9378.538857108882,3.2900649287688973e+37
9249.602824884496,9341.173892850853,3.454374623739591e+37
9212.75205763988,9303.958303010515,3.4845244887468717e+37
9176.047291670466,9266.890159858003,3.294571730396821e+37
9139.489476817154,9229.970422637645,3.3218068442721157e+37
9103.077659153174,9193.19812797879,3.387961324086467e+37
9066.809978351626,9156.571397137308,3.264090186846632e+37
9030.687364884832,9120.091169797191,3.2255636576311316e+37
8994.708890302516,9083.756508316512,3.3978730451063705e+37
8958.872740998038,9047.565581133918,3.4181984617826586e+37
8923.180721456272,9011.52021059869,3.4353953356969504e+37
8887.630133284014,8975.617671603526,3.2763578249207365e+37
8852.220987990398,8939.857975771503,3.3855469184365296e+37
8816.953283466872,8904.241120973194,3.4212905454373697e+37
8781.826138793818,8868.766217567878,3.558853627713069e+37
8746.838687498182,8833.432390504415,3.49410780937083e+37
8711.990929020434,8798.239639217736,3.441768576386842e+37
8677.281159628905,8763.18624310923,3.4108387436252774e+37
8642.71023117647,8728.273062465118,3.5938391664095813e+37
8608.27729233084,8693.499237524917,3.2949539085154086e+37
8573.981505460144,8658.8639223642,3.4322863597104376e+37
8539.82204636236,8624.366284621348,3.5442834811720157e+37
8505.798915911482,8590.006325179005,3.460369605852954e+37
8471.911296602742,8555.78321843911,3.541876757218451e+37
8438.1591829357,8521.696958846764,3.422012979907764e+37
8404.540971298495,8487.74592691435,3.502509600006796e+37
8371.056668827545,8453.930129848937,3.490015477600601e+37
8337.705489702515,8420.248774050571,3.6061450441424467e+37
8304.487434289205,8386.701859888668,3.3988400743020597e+37
8271.401722563167,8353.288599616542,3.6010360702533694e+37
8238.44834823754,8320.008986885092,3.606811650917291e+37
8205.625781386221,8286.861476621945,3.517950585861051e+37
8172.934027214787,8253.846074084215,3.5582175227790445e+37
8140.372334794341,8220.962020908806,3.7577165644782757e+37
8107.940702345516,8188.209315298736,3.621744336598295e+37
8075.638383944105,8155.5872039451515,3.7125213911183908e+37
8043.464644912527,8123.0949448971605,3.7668073865059872e+37
8011.418761597543,8090.731807337359,3.719158241673303e+37
7979.50073569782,8058.4977929812285,3.8186739541937137e+37
7947.709847910639,8026.392175404954,3.743207050965352e+37
7916.045389584826,7994.414238941716,3.9622767988188314e+37
7884.507360144248,7962.563983009676,3.6119381329173762e+37
7853.095054968702,7930.840696012892,3.696624996891804e+37
7821.8077797327,7899.243676752053,3.7698310466834937e+37
7790.645531324999,7867.772922085117,3.9578305549674827e+37
7759.606943446589,7836.42705218671,3.7539657805565974e+37
7728.692021911634,7805.206072928559,3.737746272779273e+37
7697.9007607120075,7774.1099782430565,3.7229590451269913e+37
7667.231822823066,7743.137417869015,3.6887404644343376e+37
7636.685210768838,7712.28839435545,3.642803364015756e+37
7606.259616915937,7681.561587123405,3.655858362637545e+37
7575.956339938149,7650.958307703537,3.624724051012128e+37
7545.772791997727,7620.475942638504,3.776778638854801e+37
7515.710258995152,7590.1157905592045,3.7397155849547334e+37
7485.766830528495,7559.875922150727,3.4348814380879417e+37
7455.9431406442145,7529.7569777365925,3.734728398735142e+37
7426.238554278062,7499.758315965415,3.6650794682758122e+37
7396.651831065225,7469.878684192771,3.428040454353177e+37
7367.1829768525,7440.11808832334,3.704403623669187e+37
7337.8319862126,7410.476522876105,3.700412069754488e+37
7308.597044343146,7380.952155082144,3.5337641407015703e+37
7279.479356186833,7351.546201813083,3.456811533253325e+37
7250.4777177761825,7322.257447182167,3.424176969575014e+37
7221.590952052881,7293.084702478205,3.3287839610968133e+37
7192.819650135442,7264.028564671783,3.3764140684914004e+37
7164.163221624258,7235.088437518338,3.229070254771608e+37
7135.620512394153,7206.263155466855,3.4093638693541096e+37
7107.19209459744,7177.553296333955,3.018567723262493e+37
7078.876262080961,7148.957137075563,3.423943911666505e+37
7050.673583430331,7120.475251906291,3.2060078209601836e+37
7022.58349172955,7092.107068297672,3.2118831965178344e+37
6994.604878181204,7063.851466475198,3.2730496527150724e+37
6966.738292497098,7035.70900159282,3.137613227318532e+37
6938.982095034343,7007.6780177751825,3.2036578508964973e+37
6911.336831665497,6979.759066298985,3.071418250694255e+37
6883.801425213999,6951.951059323618,2.8693974067701554e+37
6856.375877213248,6924.253998397659,3.0039126074280806e+37
6829.059655406133,6896.667345994654,3.2555840255458326e+37
6801.852233959697,6869.190571075897,2.9625354390690003e+37
6774.753608407528,6841.823669130763,2.822579862019988e+37
6747.762231151873,6814.565077240276,3.0154663374628693e+37
6720.878620987656,6787.415319335434,2.894414780154149e+37
6694.102264438502,6760.3738768564435,2.9536492334043715e+37
6667.432654032463,6733.440237307384,2.836765564312734e+37
6640.869288183606,6706.6138941366235,2.8939923607586055e+37
6614.411671075756,6679.894346619406,2.8498362983038794e+37
6588.059312548378,6653.281099742608,2.742371827832594e+37
6561.812211183798,6626.7741520745185,2.863336615556178e+37
6535.669396914269,6600.37252394372,2.9473624697824883e+37
6509.630871518409,6574.076217146441,2.80711216407233e+37
6483.696155103622,6547.884747039148,2.8008467403246997e+37
6457.864773072246,6521.797634325661,2.7700053432335844e+37
6432.136256016998,6495.814404951567,2.672389275404309e+37
6406.510139618353,6469.934590000575,2.7353510206221923e+37
6380.985964543825,6444.157725592809,2.6566195231409368e+37
6355.563729650256,6418.4838105737945,2.7337926407312017e+37
6330.242974470084,6392.912379917338,2.790820585881793e+37
6305.022797283224,6367.442522976327,2.806968355146592e+37
6279.90320047766,6342.074242162389,2.5672562099750274e+37
6254.883737819134,6316.807086823544,2.509914418006248e+37
6229.963967660083,6291.640610939918,2.6635094694728764e+37
6205.14302075102,6266.573936656456,2.56954744045344e+37
6180.421331980087,6241.607503166691,2.4200082487801763e+37
6155.798462614737,6216.740867394623,2.5504641323816833e+37
6131.2731345777065,6191.972738610026,2.5868052360091615e+37
6106.845775008346,6167.303548180929,2.685340810246986e+37
6082.515957951234,6142.732865934951,2.5545559386413137e+37
6058.282849710311,6118.259849922443,2.4423366775683196e+37
6034.146042367167,6093.884088186602,2.5837841577779987e+37
6010.105537193794,6069.605582012013,2.533826320549216e+37
5986.16092418183,6045.42391733123,2.4336819029526683e+37
5962.311797154073,6021.338683945899,2.426676336164775e+37
5938.557357921046,5997.349075764464,2.307009529987807e+37
5914.898002426059,5973.455492650077,2.4084717156926294e+37
5891.332547099582,5949.656739315868,2.5356097234317427e+37
5867.860996042126,5925.952819902944,2.582955502262793e+37
5844.483344383325,5902.34372949272,2.4782573489870905e+37
5821.198437619706,5878.828302152141,2.3179460542976e+37
5798.006280686755,5855.406542865554,2.6510059676227705e+37
5774.906869641873,5832.078447651327,2.650254350797539e+37
5751.89907800109,5808.842878873301,2.452362167377991e+37
5728.983279490517,5785.700213957473,2.2699181520304828e+37
5706.158731144847,5762.64970258318,2.608990918326334e+37
5683.425067270009,5739.690975435982,2.524180293123175e+37
5660.781925127568,5716.823666186331,2.3140524492548284e+37
5638.228944876183,5694.047411430457,2.5112417650385224e+37
5615.765769514228,5671.361850632419,2.3274393535099255e+37
5593.392395922279,5648.76698064191,2.245132459152697e+37
5571.1077676210325,5626.261734520481,2.360981328099137e+37
5548.912235244846,5603.8464663737695,2.4448202545674816e+37
5526.805101566961,5581.520472072474,2.196777410336605e+37
5504.785682965003,5559.283061226356,2.173326116504099e+37
5482.854321228249,5537.134579008409,2.258860828355377e+37
5461.0103349946985,5515.074337311146,2.3692971833660786e+37
5439.253388110801,5493.1019966530985,2.227816429433217e+37
5417.583146794592,5471.217219947858,2.3478156581696713e+37
5395.99895283371,5449.419342466764,2.230951178677467e+37
5374.5011331585665,5427.708694376836,2.1452431439770325e+37
5353.088709871648,5406.084288099377,2.25591322925394e+37
5331.761684912245,5384.546125592877,2.2765252385702013e+37
5310.519419127357,5363.093561376718,2.0324188270324174e+37
5289.362227440225,5341.726913491883,2.1433851912478153e+37
5268.288849388117,5320.444908997059,2.1598927488150944e+37
5247.299910340182,5299.248179452549,2.2664399128495595e+37
5226.394168704266,5278.135470974438,2.160962279110754e+37
5205.571630601634,5257.10678974459,1.9425769580878244e+37
5184.832294155703,5236.162133867844,2.0567704278323443e+37
5164.175551086187,5215.30088904194,1.9071765737436744e+37
5143.601398273181,5194.523052116086,1.9354474264018283e+37
5123.109235757633,5173.828017191633,2.1310079179114755e+37
5102.698474715946,5153.215189615634,1.8952253001200566e+37
5082.368537239755,5132.683985758428,1.786871667883268e+37
5062.120006399387,5112.234994462741,2.0342360977858072e+37
5041.952298028629,5091.867625779113,1.836101836116022e+37
5021.864838673934,5071.581300576806,2.0806273192967231e+37
5001.857626910603,5051.376017417018,1.6667519709954255e+37
4981.930096682736,5031.251204639895,1.870519375844766e+37
4962.08169223575,5011.206300988884,1.9320191011559409e+37
4942.312416150465,4991.241309070355,1.6897802313726428e+37
4922.621719587492,4971.355674611409,1.8088404924095412e+37
4903.00960316839,4951.549398239757,1.805952552974295e+37
4883.476060063302,4931.822473057929,1.7943972873642354e+37
4864.019483121198,4912.173276004099,1.7248409506180486e+37
4844.640942621884,4892.602887953841,1.5273141514526264e+37
4825.339899931574,4873.110764940897,1.6160968411861068e+37
4806.1153075324055,4853.695849076977,1.660841932875935e+37
4786.967686710014,4834.358666808444,1.6311303873022854e+37
4767.896004337493,4815.098174780434,1.440682862754513e+37
4748.900265048852,4795.914377672836,1.337730985094506e+37
4729.9804661970375,4776.807272812388,1.4682456653147423e+37
4711.135601698556,4757.7758441553715,1.5487287343698664e+37
4692.366172731516,4738.820597841558,1.3300700471978863e+37
4673.671677004653,4719.941026606999,1.2484161830796111e+37
4655.051620918997,4701.136631966096,1.405399127136273e+37
4636.505519396182,4682.406924038204,1.2764571384407069e+37
4618.033374365044,4663.7519047712585,1.4843306304830554e+37
4599.634705866057,4645.171089454131,1.1772250392009872e+37
4581.309513217062,4626.664477397911,1.1180432387509777e+37
4563.05732146687,4608.231588949392,1.336829809888655e+37
4544.8776637251,4589.871952595979,1.2205851528172575e+37
4526.770540926229,4571.585569281398,1.151234342658353e+37
4508.735947119454,4553.372432995937,1.0800152667397307e+37
4490.77251169192,4535.23115955767,1.0467122375973165e+37
4472.881145802444,4517.162669145888,1.2422930752411814e+37
4455.060943176675,4499.166046514124,9.071434220994704e+36
4437.311461287023,4481.240844753765,9.900800104249888e+36
4419.633141759515,4463.387509862934,9.686437037568713e+36
4402.025100742854,4445.605149240208,1.0457895152937138e+37
4384.486907061799,4427.89332744171,8.677829987042141e+36
4367.018992675857,4410.252480703348,8.30382781744155e+36
4349.620495346617,4392.681738250549,8.991263693475583e+36
4332.291415962322,4375.18110098035,8.01457448024864e+36
4315.031330917916,4357.750141094004,6.810931917603188e+36
4297.839823443023,4340.388437695109,8.396537861604886e+36
4280.716894750522,4323.0959920085525,9.034348544793614e+36
4263.6625395370265,4305.872798678443,7.239840117679054e+36
4246.675531806218,4288.717619571099,8.210458142849323e+36
4229.756685677411,4271.631276865617,7.310853795810727e+36
4212.905189703019,4254.612951081079,5.432291219234045e+36
4196.120646806818,4237.662241210205,6.947804101615794e+36
4179.403058190915,4220.779148467005,6.565219545168993e+36
4162.752029766669,4203.9632748613585,5.899100629046537e+36
4146.16717358092,4187.2142285993705,5.540869785991039e+36
4129.64849046184,4170.532010517412,5.70645291121971e+36
4113.195974956658,4153.916615108728,6.234295611375308e+36
4096.808485344874,4137.366889349788,4.8543339562698507e+36
4080.4867783613668,4120.883597467145,4.231389021323592e+36
4064.2297269435117,4104.465601240253,4.352131213748913e+36
4048.037704627255,4088.113277903065,6.09502457923222e+36
4031.9099724241864,4071.825881151186,6.573810539475166e+36
4015.846532509498,4055.603413181342,4.6049132991485684e+36
3999.847021845366,4039.445507361635,3.79187842071683e+36
3983.911439036133,4023.3521622825906,4.5164474915596204e+36
3968.0394232665767,4007.323013556916,3.77279930189564e+36
3952.2306190580666,3991.3577021867413,4.788044428237347e+36
3936.484676163156,3975.4558744571714,4.153362164996341e+36
3920.801249462054,3959.6171818317284,4.3010577161744153e+36
3905.18068343571,3943.8419722017234,4.1404427421508505e+36
3889.6222870188953,3928.1295476603823,3.0196949140532913e+36
3874.1257219001686,3912.4795665469805,4.907468951701881e+36
3858.6909888130403,3896.8920296022893,3.7757847684956e+36
3843.317419565369,3881.366262019066,3.639304278831989e+36
3828.005676874215,3865.90293307527,4.7275213706912917e+36
3812.754438983139,3850.500707929072,3.4242278389472236e+36
3797.564362221487,3835.16024940748,3.6170489437230725e+36
3782.4344708790263,3819.880572140729,2.760594417583981e+36
3767.3650885630464,3804.6620029398205,3.7857502981494643e+36
3752.3555748852464,3789.50389507661,3.107445702500394e+36
3737.405931016382,3774.4062497334444,3.326286661503231e+36
3722.515841420909,3759.3687482509763,2.879619688559918e+36
3707.6853034204473,3744.39138792431,3.3945615479341606e+36
3692.9136965749526,3729.4735421710448,3.332646261747242e+36
3678.2007180980095,3714.6149052071796,3.0140631429214397e+36
3663.5466717453282,3699.815783795607,3.592166624322932e+36
3648.9506507137253,3685.0752621557913,2.2012353475409784e+36
3634.413253681013,3670.3939448924552,3.461372367210342e+36
3619.933290196766,3655.770629769714,3.146463393670285e+36
3605.511352587704,3641.2059149783227,3.2510336998765923e+36
3591.1468512030906,3626.6992050300014,2.8458222221284327e+36
3576.8394966759597,3612.250207693052,3.161941320225895e+36
3562.589003379961,3597.8586345134227,1.812409015494022e+36
3548.3953719555248,3583.5244861378847,1.895482695857233e+36
3534.2583172942886,3569.2474746355024,2.7003018967538683e+36
3520.1778360406875,3555.0275966174904,2.811250260482442e+36
3506.15309181402,3540.864007422979,2.5981392184724472e+36
3492.1843642502754,3526.756989456353,2.409828494093067e+36
3478.271375802381,3512.7062624228247,2.604879215144342e+36
3464.4135829952456,3498.7112774668985,2.9663554782882924e+36
3450.6112560268884,3484.7723074615546,3.362114093074911e+36
3436.8638559673927,3470.88880814147,3.217910407464601e+36
3423.171118681031,3457.0605127559734,2.1622338302589878e+36
3409.5330441353226,3443.2874212722622,1.705277492327589e+36
3395.9491094439595,3429.5690056274548,1.4462710080816355e+36
3382.419573460449,3415.9055272377077,1.8233437160549034e+36
3368.94366274599,3402.2962050071756,2.164214024689356e+36
3355.5216340589513,3388.741298236135,2.0242826191611977e+36
3342.15297884997,3375.240293340585,2.0041199515285158e+36
3328.837696980692,3361.7931901808006,1.6438307420769346e+36
3315.575289797551,3348.3994851665466,2.4111526545541154e+36
3302.36575893493,3335.059179948386,2.5219423463968958e+36
3289.2091009891437,3321.772271088936,2.1896993276009864e+36
3276.1045849393204,3308.5380203302198,1.8460954668985748e+36
3263.0524538221516,3295.356673114991,1.9669408866498917e+36
3250.05222682493,3282.227743870497,2.4015289744938624e+36
3237.103668582081,3269.1509949010438,1.1122418723693782e+36
3224.2070129417384,3256.1266623698616,1.600186224668322e+36
3211.3615555646725,3243.154034964763,1.828531114948134e+36
3198.567298359511,3230.23311461327,1.740258168766531e+36
3185.824010550883,3217.363668255337,1.7317614733810026e+36
3173.131463821563,3204.5454653133966,1.7055181945753444e+36
3160.489432263854,3191.778277643266,1.1256801442936185e+36
3147.897914739635,3179.0621040955575,1.4998700015963574e+36
3135.3564640729132,3166.396493067235,1.9445619469763355e+36
3122.865080228514,3153.7814445227764,1.4422509401683602e+36
3110.423324144333,3141.216515053362,1.7520524063868878e+36
3098.03119676194,3128.7017056098834,1.1405934042515858e+36
3085.688480601901,3116.23679655986,1.8620058086572098e+36
3073.394748354553,3103.821356363263,1.6370766271476304e+36
3061.1502125416714,3091.455599645834,1.38642279754768e+36
3048.9544483752616,3079.139097414177,1.2217944550301969e+36
3036.8072468195614,3066.871638563075,7.256382746657508e+35
3024.708400846432,3054.653014014812,2.139283830034375e+36
3012.657705395605,3042.483016679021,1.2602622381661867e+36
3000.6551594238254,3030.361645502121,9.249515489170423e+35
2988.700356388009,3018.2884899162505,1.1059061819344421e+36
2976.7930969387403,3006.263348598434,9.513767094004997e+35
2964.9333808476604,2994.2862213180524,1.0432377872630306e+36
2953.1208119176454,2982.35670795563,6.5430808066553865e+35
2941.35539035622,2970.4748087207468,1.0781857448650948e+36
2929.6369192679344,2958.640324768687,1.0135723697954322e+36
2917.9650124025293,2946.8528660253146,1.2666421392831975e+36
2906.3396704707625,2935.112433208423,1.2259401241833963e+36
2894.7607016848283,2923.418832631508,9.508216613225176e+35
2883.2277293242837,2911.771683844594,9.555415709665872e+35
2871.7407544130447,2900.1709878817337,1.3524357902795877e+36
2860.2995899752864,2888.6165559160418,5.061352528158257e+35
2848.904050588164,2877.108200688987,5.939336139520334e+35
2837.5537716350987,2865.645553974286,6.776901148047637e+35
2826.2487542983845,2854.2286169659387,7.887103811832995e+35
2814.988817598725,2842.8572068929525,1.57715731323823e+36
2803.7737819914028,2831.5311424331176,6.444894325131194e+35
2792.6032943021,2820.2500669156907,1.2078440145864355e+36
2781.477355590857,2809.0139814112063,6.0238753012494554e+35
2770.3957904162194,2797.82270874134,5.986117501592364e+35
2759.358424661995,2786.6760730661485,5.079296036042462e+35
2748.3649159769143,2775.573728645086,7.328022762664045e+35
2737.415265048251,2764.5156761722287,1.524779058015063e+35
2726.509301549107,2753.5017436344433,2.6064114098947536e+35
2715.6466908552047,2742.5315930946713,3.937278005149545e+35
2704.8272690133,2731.6050589765314,0.0
2694.051198983661,2720.722305853599,1.4298115270081456e+35
2683.3178264334715,2709.882672915163,1.7791207922210517e+35
2672.627315240982,2699.086325661868,5.647761817342345e+35
2661.9795019834382,2688.3330990530744,5.2002383479075344e+35
2651.373908767406,2677.6225104642035,1.4611351670032338e+35
2640.8105383787424,2666.954562708692,5.701662599786418e+35
2630.289389551006,2656.329254507561,1.4394694672428513e+35
2619.810148955185,2645.7462694298415,5.815764909569406e+35
2609.3728148098457,2635.205605676463,1.4537930699660832e+35
2598.9767749815633,2624.706645053881,4.405677771436887e+35
2588.622335169211,2614.249696287386,4.349657961178071e+35
2578.3091906833997,2603.8344516711654,0.0
2568.0370425133465,2593.4606092342287,2.9268073328324043e+35
2557.805890894235,2583.128169214088,4.57014085216182e+35
2547.615440831294,2572.836833695524,4.411130716441596e+35
2537.465402788579,2562.586310276186,1.5463922920464073e+35
2527.3560660386875,2552.3768910924705,2.842566652567452e+35
2517.286853510898,2542.2079933606556,1.5226327962464623e+35
2507.2577669134,2532.0796188058425,2.6060938106195012e+35
2497.2688041219294,2521.9917652827367,1.5340918227835556e+35
2487.319403822556,2511.9438659203993,2.517997400818723e+35
2477.409845211872,2501.9362026794697,0.0
2467.53984826981,2491.9684927676813,4.486293387839903e+35
2457.7088668878782,2482.0401846700684,1.5353448844600937e+35
2447.917175500544,2472.1515555379997,3.315301543650386e+35
2438.1645024873073,2462.302331061932,0.0
2428.4508458175424,2452.492509191136,0.0
2418.7756745646284,2442.7215537428183,3.093797193464867e+35
2409.138991994377,2432.9894680151215,1.572318402269059e+35
2399.540797664342,2423.296251561219,3.2124732728956437e+35
2389.9810874971686,2413.6419002633907,0.0
2380.4590907529323,2404.0256357513863,1.435694676411083e+35
2370.9753191930154,2394.447974853026,0.0
2361.5292634657526,2384.9084031740636,1.5948907340552739e+35
2352.1206750454903,2375.4066697284406,1.1596540875947428e+35
2342.749556110844,2365.9427767163415,3.4610448265459274e+35
2333.415905250119,2356.516722712095,3.2279584123448086e+35
2324.1194750638138,2347.1282578669457,3.2558211068271204e+35
2314.8600224160127,2337.777136637931,1.7192624568257586e+35
2305.6375469777336,2328.463358692813,0.0
2296.451808195912,2319.1866810970514,2.0780904141521324e+35
2287.3025696229934,2309.946865062261,0.0
2278.189831815621,2300.7439111505955,0.0
2269.1133607367433,2291.577583008037,0.0
2260.0729263035782,2282.4476482739838,0.0
2251.0687572409433,2273.3543379376288,3.6959491616671975e+35
2242.1003946306755,2264.297188537519,1.6413427061101095e+35
2233.16761449083,2255.2759738742893,0.0
2224.2706407375435,2246.2909200808454,0.0
2215.409025869029,2237.341575225132,0.0
2206.5825517105413,2228.4277189724758,0.0
2197.7914373368467,2219.5495725664814,0.0
2189.0352462486007,2210.7066951864617,0.0
2180.3139791911017,2201.8990875850936,0.0
2171.6276335887046,2193.1267471612327,0.0
2162.975573577844,2184.3890317562646,1.7023021831444643e+35
2154.358221850054,2175.68636824637,1.8981571885388116e+35
2145.7751577410013,2167.0183318026375,0.0
2137.226175634848,2158.384714773633,0.0
2128.7112766133623,2149.7855182518347,0.0
2120.2304585103025,2141.2207400495545,0.0
2111.7833156004544,2132.689970424899,0.0
2103.3698489655617,2124.193210470321,0.0
2094.9898594614256,2115.730259070094,0.0
2086.6433465146856,2107.301115645181,0.0
2078.32991860316,2098.9053847973314,0.0
2070.049770505606,2090.5432632336115,1.8573028106310822e+35
2061.8025152301007,2082.2143601308785,0.0
2053.5881534930722,2073.9186762126537,0.0
2045.4064950817612,2065.6560193830705,2.1018354500933853e+35
2037.257538998683,2057.42638863477,0.0
2029.1409115181375,2049.229406542167,0.0
2021.0567977264686,2041.0652600239607,0.0
2013.0048280883213,2032.9335758863958,0.0
2004.9848221279728,2024.83417186704,0.0
1996.9967810838214,2016.7670492165512,1.8899427894365336e+35
1989.0407031436857,2008.7322061048083,0.0
1981.1162311436892,2000.7292818320118,0.0
1973.223365757284,1992.7582770782813,0.0
1965.3619312625758,1984.8190143820752,0.0
1957.531754507209,1976.9113188768304,0.0
1949.7328355006596,1969.035190572116,0.0
1941.9650020069093,1961.190455526778,0.0
1934.228084274237,1953.376942308552,0.0
1926.5219149861048,1945.5944819444674,0.0
1918.8464944924724,1937.843074787948,0.0
1911.2016562601848,1930.1225526571607,0.0
1903.587398773046,1922.4329140208993,0.0
1896.0033949141862,1914.7738285238368,0.0
1888.4496451937866,1907.145296681205,0.0
1880.9258296247488,1899.5469953380339,0.0
1873.4321081520088,1891.9790860227138,0.0
1865.9683202360598,1884.4414066063969,0.0
1858.5341524914786,1876.9336406011444,0.0
1851.1296062680847,1869.4557893701387,0.0
1843.7545274881586,1862.0076973102914,0.0
1836.4089155362444,1854.5893638000532,0.0
1829.0926168401713,1847.200633746889,0.0
1821.8053308975996,1839.8412036734858,0.0
1814.5472073604044,1832.5112247132724,0.0
1807.3179485209262,1825.2103962112833,0.0
1800.117408786216,1817.9385711331995,0.0
1792.945588762522,1810.695750091271,0.0
1785.802486325232,1803.4819309398517,0.0
1778.6876706242786,1796.296678563459,0.0
1771.6012852861984,1789.1401380105317,0.0
1764.5431871906662,1782.0121647438539,0.0
1757.5130963832507,1774.912476037445,0.0
1750.5110142100705,1767.8410732507502,0.0
1743.536939339085,1760.7979550385419,0.0
1736.590461692769,1753.7827072635273,0.0
1729.6718530238034,1746.795604368739,0.0
1722.780707720921,1739.8362367273583,0.0
1715.9170268743978,1732.9046054404544,0.0
1709.080677834474,1726.0005765450353,0.0
1702.2716596283046,1719.1241490586249,0.0
1695.4897106321494,1712.2750587674077,0.0
1688.734702929814,1705.453176488819,0.0
1682.0066371097794,1698.6585028171662,0.0
1675.305511198321,1691.8910357591844,0.0
1668.6309457541704,1685.1503921171368,0.0
1661.9830667677293,1678.4366991287297,0.0
1655.3616247147802,1671.7497047994566,0.0
1648.7664974672048,1665.08928579213,0.0
1642.1976853346264,1658.4554424194391,0.0
1635.655066035083,1651.8480511888304,0.0
1629.1385186589303,1645.2669899936536,0.0
1622.6479236417558,1638.7121380858093,0.0
1616.1831627377887,1632.1833760488928,0.0
1609.7442353132715,1625.6807032428728,0.0
1603.3309075124039,1619.2038834967768,0.0
1596.9431793895255,1612.752916865482,0.0
1590.580821441451,1606.3275715737213,0.0
1584.2438343402316,1599.9278483002,0.0
1577.9321045753559,1593.553632410652,0.0
1571.6455198243268,1587.2048104705877,0.0
1565.3839689291929,1580.8812702215919,0.0
1559.1474509957,1574.5830107605575,0.0
1552.935638014185,1568.3097008305256,0.0
1546.7486395742558,1562.061451106041,0.0
1540.5863463879589,1555.8381512171998,0.0
1534.4485445693963,1549.6395851606333,0.0
1528.3352343711074,1543.4657531913813,0.0
1522.2462056860522,1537.3164431223443,0.0
1516.1814591288203,1531.1916555741957,0.0
1510.1408906328631,1525.0912854501285,0.0
1504.1243971228666,1519.015228654383,0.0
1498.1318764951902,1512.9633820724925,0.0
1492.163227598682,1506.935643551909,0.0
1486.2183502158518,1500.9319118829887,0.0
1480.2971450444093,1494.952086780349,0.0
1474.3996112610087,1488.9961674124927,0.0
1468.5254554000517,1483.0638574085121,0.0
1462.6747751976166,1477.155255472073,0.0
1456.847377271031,1471.2701663060143,0.0
1451.0432611620433,1465.4085894475477,0.0
1445.2621429280964,1459.5702381430847,0.0
1439.5041174927296,1453.7552082559077,0.0
1433.7690900500843,1447.9634040415801,0.0
1428.0568750496643,1442.194638112656,0.0
1422.367381452534,1436.448818528914,0.0
1416.7006090471275,1430.7259450766942,0.0
1411.0563767203973,1425.0258348499292,0.0
1405.4345956077652,1419.348398104282,0.0
1399.8352654966316,1413.6936346250482,0.0
1394.2582095292003,1408.0613658035393,0.0
1388.7034274561934,1402.4515913880098,0.0
1383.1707451653176,1396.8641355424543,0.0
1377.6600771425965,1391.2989119063081,0.0
1372.1714230174373,1385.75592010531,0.0
1366.7046126483622,1380.234988313581,0.0
1361.2595623729921,1374.7360320404848,0.0
1355.8361891164973,1369.2589673887505,0.0
1350.4344922425703,1363.8037937157717,0.0
1345.0542254404766,1358.3702622723374,0.0
1339.6954704136676,1352.958455570763,0.0
1334.3580644760739,1347.568209314387,0.0
1329.0418480461494,1342.1993623418064,0.0
1323.7469005625223,1336.8519948780913,0.0
1318.47298480622,1331.5258673558017,0.0
1313.2201787051224,1326.2210584743032,0.0
1307.9881717365665,1320.9372546367586,0.0
1302.7771183370296,1315.6746118085662,0.0
1297.5867126013193,1310.4328210560723,0.0
1292.4171062069504,1305.2120355583993,0.0
1287.267997771516,1300.011950949454,0.0
1282.1393886522483,1294.8325685999055,0.0
1277.031278238891,1289.6738878934561,0.0
1271.943518746608,1284.5357595821995,0.0
1266.8759651205476,1279.418037175241,0.0
1261.8287608721478,1274.320865604782,0.0
1256.8014758080405,1269.24381041854,0.0
1251.7942541584755,1264.1870172746444,0.0
1246.8070941605163,1259.1504843927055,0.0
1241.8397152825244,1254.1339284638213,0.0
1236.892118676104,1249.1373506509974,0.0
1231.9643035973313,1244.1607502029449,0.0
1227.0561322689512,1239.2039879784138,0.0
1222.1674693924956,1234.2669273394813,0.0
1217.2981820992695,1229.3494341020523,0.0
1212.4484038543144,1224.451643052472,0.0
1207.6180002076323,1219.573418409688,0.0
1202.806709211546,1214.7144956327402,0.0
1198.0146619481322,1209.8750071014188,0.0
1193.2417278913963,1205.0548209975211,0.0
1188.4877788132408,1200.2538078234918,0.0
1183.7526887380463,1195.471840356553,0.0
1179.0365835029907,1190.7090456796702,0.0
1174.339211739401,1185.9651699356211,0.0
1169.6605738832711,1181.2402135647155,0.0
1165.0005467397455,1176.534052152469,0.0
1160.3591301228294,1171.8466855110453,0.0
1155.7362021698914,1167.1779905713734,0.0
1151.1316431095781,1162.527846376363,0.0
1146.5454532392407,1157.8962532263092,0.0
1141.9776311113635,1153.283209659366,0.0
1137.427825120435,1148.6883605891273,0.0
1132.8962691966467,1144.1119422616935,0.0
1128.382730927877,1139.553719964063,0.0
1123.8872103223507,1135.013693704542,0.0
1119.409593183932,1130.491748156453,0.0
1114.9497672229684,1125.9877699184758,0.0
1110.507732734933,1121.5017592890088,0.0
1106.0833784892247,1117.033603936268,0.0
1101.676704054913,1112.5833034250566,0.0
1097.2875992398738,1108.1507464723486,0.0
1092.9158484219363,1103.7357153213136,0.0
1088.5616666951178,1099.3384271953994,0.0
1084.2247330082776,1094.9585578650594,0.0
1079.9051535998046,1090.5962146204427,0.0
1075.6027181169636,1086.2511850263215,0.0
1071.3174273035484,1081.9234698338535,0.0
1067.049280265581,1077.6130681402103,0.0
1062.7980716887203,1073.3197725984387,0.0
1058.5638023388726,1069.0435839820275,0.0
1054.3463715620871,1064.784400640552,0.0
1050.1457792997678,1060.5422225148354,0.0
1045.962023900392,1056.317047937006,0.0
1041.7948098339978,1052.1085784513543,0.0
1037.6442359956422,1047.916913931999,0.0
1033.5102048043332,1043.7419558318961,0.0
1029.392620187593,1039.58360712745,0.0
1025.2914819280193,1035.4418675991067,0.0
1021.2066010037785,1031.316546353716,0.0
1017.1380714715928,1027.2077383791616,0.0
1013.0857064431079,1023.1152549368948,0.0
1009.0495062156305,1019.0390963271652,0.0
1005.0293788672151,1014.9791697180005,0.0
1001.0253238167023,1010.9354745224877,0.0
997.0371604798047,1006.9078283685548,0.0
993.0648895435858,1002.8962319500673,0.0
989.108422344256,998.9005957254642,0.0
985.1677586581803,994.9209194688964,0.0
981.2428103286702,990.9571141509241,0.0
977.3334904866297,987.0090920424474,0.0
973.4397135251168,983.0767666890155,0.0
969.5614794698715,979.1601381166233,0.0
965.6987031503131,975.2591203115012,0.0
961.851300616354,971.373628492456,0.0
958.0191891142722,967.5035790865035,0.0
954.2023688058349,963.6489722570127,0.0
950.4007573092133,959.8097248065745,0.0
946.6143538479909,955.985835951086,0.0
942.8429966050159,952.1771422714055,0.0
939.086606617902,948.3835640234192,0.0
935.3452631019479,944.6051812066572,0.0
931.6187296664979,940.8417550901962,0.0
927.9071624828014,937.0934433913811,0.0
924.2103279462879,933.3600101929561,0.0
920.5281505742091,929.6413792648938,0.0
916.860706837594,925.9376278352862,0.0
913.2079196593069,922.248678063934,0.0
909.5696387181383,918.5743781414479,0.0
905.9458644337664,914.9147284916606,0.0
902.3365227462077,911.2696543213953,0.0
898.7415405664423,907.63908181805,0.0
895.1609176972706,904.0230107824736,0.0
891.5945098500296,900.4212954975449,0.0
888.0423175487313,896.8339364924637,0.0
884.504339961252,893.2609329268683,0.0
880.9803658895801,889.702071511887,0.0
877.4705351061007,886.1574934036511,0.0
873.974638754264,882.6269876779312,0.0
870.4926773339834,879.1105548395898,0.0
867.0245825273278,875.6081258943483,0.0
863.5702868603902,872.1196327003081,0.0
860.1297236865813,868.6450079510785,0.0
856.7029589531547,865.184318246791,0.0
853.2897937403293,861.7373626983585,0.0
849.890228658842,858.3041419225646,0.0
846.5041986878715,854.8845902548815,0.0
843.1317033995081,851.4787072631632,0.0
839.7726144672265,848.0863633504521,0.0
836.4268691542256,844.7074951588525,0.0
833.0945300708618,841.3421659185633,0.0
829.7754093185896,837.9901858708437,0.0
826.4695076458377,834.6515557715314,0.0
823.176824534801,831.3262750976955,0.0
819.8972375236771,828.0142201751614,0.0
816.6306866451578,824.7153304429448,0.0
813.3771719938861,821.4296059966256,0.0
810.1366335054535,818.1569861771575,0.0
806.9090117782853,814.8974109948903,0.0
803.6942480605674,811.650821116367,0.0
800.4922842374094,808.4171578513598,0.0
797.3030628182494,805.1963631401501,0.0
794.1265269244877,801.9883795410402,0.0
790.962676444277,798.7932069410754,0.0
787.8114543467884,795.6107877448217,0.0
784.6727489215485,792.4410091358719,0.0
781.5465604773613,789.2838714260871,0.0
778.4328337304455,786.1393187843769,0.0
775.3315139600393,783.0072959482437,0.0
772.2425469972832,779.8877482125563,0.0
769.1658792143123,776.780621418534,0.0
766.1014575135522,773.6858619429364,0.0
763.049281589784,770.6034694775228,0.0
760.0092462707589,767.5333378088394,0.0
756.981299997453,764.4754148674278,0.0
753.9654427355908,761.4297006186732,0.0
750.9616226775618,758.3961427420696,0.0
747.9697382782409,755.3746386871956,0.0
744.98978972503,752.3651886433079,0.0
742.0216772091089,749.3676918134792,0.0
739.0654010316167,746.3821485018298,0.0
736.1209603672022,743.4085578748375,0.0
733.188160240916,740.446723027301,0.0
730.267098001752,737.4967422719693,0.0
727.3576768317909,734.5585178324257,0.0
724.4598489789327,731.6320014838241,0.0
721.573567100424,728.7171454147183,0.0
718.69873788206,725.8138553870924,0.0
715.8354078898656,722.9221784279753,0.0
712.983484216826,720.0420207105726,0.0
710.1429210782942,717.1733359969693,0.0
707.3136730600849,714.3160784233797,0.0
704.4956505531845,711.4701574936611,0.0
701.6888983327669,708.6356184262613,0.0
698.8933271375377,705.8123710761993,0.0
696.108892963361,703.0003710036982,0.0
693.3355521413577,700.199574107557,0.0
690.5732613312781,697.4099366184578,0.0
687.8219775150097,694.6314150924084,0.0
685.0816579902132,691.8639664043163,0.0
682.3522603640895,689.107547741694,0.0
679.6337010787518,686.3620747194315,0.0
676.9260216090852,683.6275892230151,0.0
674.2290978422429,680.9039659108812,0.0
671.54293002445,678.1912050316921,0.0
668.8674370486196,675.489224675401,0.0
666.2026588971532,672.7980652202351,0.0
663.5484751563865,670.1176050604348,0.0
660.9048466356911,667.4478046173845,0.0
658.2717732910335,664.7886638466147,0.0
655.6491768934409,662.1401037446859,0.0
653.0369806906378,659.5020467994751,0.0
650.4352613054374,656.8745703923612,0.0
647.8438658674161,654.2575201395035,0.0
645.2627948722194,651.6508965414544,0.0
642.6920478282866,649.0546991017867,0.0
640.1315497002631,646.4688520422958,0.0
637.5812268448087,643.8932809905723,0.0
635.0410793936967,641.3279860796943,0.0
632.5110346780076,638.7728939213199,0.0
629.991021367101,636.2279324786354,0.0
627.4811108357645,633.6931738330386,0.0
624.9811608429294,631.1684743352744,0.0
622.4912414228407,628.6539047129269,0.0
620.0111433500632,626.1492536692289,0.0
617.5410054527277,623.6546614067098,0.0
615.08068951486,621.1699883410571,0.0
612.6301955259424,618.6952344616493,0.0
610.1893888376446,616.2302637871373,0.0
607.7584034334384,613.7752116274295,0.0
605.3370391585968,611.3298758462669,0.0
602.9252970777512,608.894257518821,0.0
600.5232420763216,606.4684221728772,0.0
598.1307433529507,604.0522377121449,0.0
595.7477370490956,601.6456396458816,0.0
593.3742236514815,599.2486284656312,0.0
591.0102027385274,596.8612037456388,0.0
588.6555485608664,594.483238491619,0.0
586.3103236266647,592.1147958305687,0.0
583.9744038790527,589.7557504774553,0.0
581.6478505341497,587.4061642544378,0.0
579.3304809331438,585.065852694382,0.0
577.0224162377638,582.7349381585176,0.0
574.7235356714957,580.4132986746436,0.0
572.4337802297504,578.1008746540249,0.0
570.1531502823082,575.797666470103,0.0
567.8816453277335,573.5036736164781,0.0
565.6191491220604,571.2187786983689,0.0
563.3657192013458,568.9430398214391,0.0
561.1212408222686,566.6763411064092,0.0
558.885658097819,564.4186261129875,0.0
556.6590273510978,562.1699517218738,0.0
554.4412918870955,559.9302606767778,0.0
552.2323411914966,557.6994413692925,0.0
550.0322303769988,555.477549457731,0.0
547.8408503112664,553.264474729348,0.0
545.6582548644622,551.0602715876204,0.0
543.484283226605,548.8647776305485,0.0
541.3190419233694,546.6781004384108,0.0
539.1623723106605,544.500079796536,0.0
537.0143270636503,542.3307689015804,0.0
534.8748022735059,540.1700628160136,0.0
532.7438493883602,538.018013497305,0.0
530.6213657526266,535.8745172735777,0.0
528.5073012995929,533.7395235824589,0.0
526.4017062635928,531.6130831556023,0.0
524.3044804129208,529.4950947690088,0.0
522.2156238171274,527.385558492917,0.0
520.1350871750491,525.284424538082,0.0
518.0628219527905,523.1916438901231,0.0
515.9988281760459,521.1072165749888,0.0
513.943057659621,519.0310939304512,0.0
511.89551000912627,516.9632755582167,0.0
509.85604403144595,514.9036188673573,0.0
507.8247537565514,512.8522188187412,0.0
505.8015457288217,510.80898103153703,0.0
503.7864198151175,508.7739053712871,0.0
501.77928470196525,506.74689962051474,0.0
499.7801857528966,504.7280095918503,0.0
497.7890326598668,502.71714408319946,0.0
495.8057813498133,500.7142585851764,0.0
493.83047597602905,498.71939768819175,0.0
491.86302822447925,496.7324722039016,0.0
489.903394915224,494.7534385248847,0.0
487.9516190001061,492.78234002820716,0.0
486.0075716808795,490.8190466405202,0.0
484.07129579109596,488.8636016194278,0.0
482.14270685995524,486.9159196578688,0.0
480.22184657953494,484.97604286067235,0.0
478.30859027722425,483.0438453209688,0.0
476.40297950482176,481.1193690019195,0.0
474.50497292647856,479.2025721584507,0.0
472.614489680244,477.29337312807843,0.0
470.73157011081753,475.39181265491465,0.0
468.85617363204227,473.4978497509995,0.0
466.9882210623029,471.6114044508197,0.0
465.12767386183134,469.7324378330635,0.0
463.27460962612435,467.861028261423,0.0
461.4288734055374,465.99701925225224,0.0
459.5905040782422,464.1404500686168,0.0
457.75946335390944,462.29128204111316,0.0
455.93575078034957,460.449514713075,0.0
454.11925413445033,458.61503475038137,0.0
452.3100109924614,456.78788010128676,0.0
450.50798417805396,454.9680132214167,0.0
448.71313700199244,453.1553970583122,0.0
446.92543325251796,451.3499950417179,0.0
445.1448371859041,449.5517710740446,0.0
443.3713841105564,447.7607608132509,0.0
441.6049324590132,445.9768212903574,0.0
439.8455528980345,444.200023871725,0.0
438.09317535274306,442.43029778873523,0.0
436.34779966851954,440.6676428852379,0.0
434.609357200163,438.9119898364446,0.0
432.8778481048022,437.16333880103974,0.0
431.1532385019585,435.4216555631279,0.0
429.43549492648543,433.68690632625766,0.0
427.7245843203563,431.95905770512786,0.0
426.0205066127475,430.2381096282137,0.0
424.32322875837303,428.52402872308096,0.0
422.63268603575546,426.81674962750947,0.0
420.9489105821215,425.11630479688455,0.0
419.2718066232509,423.42259750882107,0.0
417.60140602923,421.7356599489194,0.0
415.9376458399365,420.0554285337519,0.0
414.28052608703456,418.3819032952962,0.0
412.6300156011696,416.7150527556212,0.0
410.98605324003915,415.0548151671156,0.0
409.3486694371001,413.4012212645274,0.0
407.71780349740544,411.75420975202974,0.0
406.0934256327758,410.1137505465403,0.0
404.4755357587709,408.4798435627827,0.0
402.8640748948923,406.8524292363518,0.0
401.2590431342552,405.23150766128435,0.0
399.660382599266,403.6170203869987,0.0
398.0681219946818,402.00899640242915,0.0
396.4822038346908,400.40737765265425,0.0
394.90257184382193,398.81210730507576,0.0
393.3292542689508,397.22321388621344,0.0
391.76222275342997,395.64066875868895,0.0
390.2014218966844,394.06441597346156,0.0
388.646824577848,392.4944281411687,0.0
387.09843085443026,390.9307053198891,0.0
385.55621350394813,389.3732200176372,0.0
384.0201190969016,387.82191827596097,0.0
382.49017411921824,386.2768268429985,0.0
380.9662993979002,384.7378657619394,0.0
379.4484952421721,383.20503534506963,0.0
377.9367613804507,381.6783353181172,0.0
376.43102064264286,380.157687747005,0.0
374.9312986916143,378.6431185486613,0.0
373.43754469154095,377.1345763839872,0.0
371.94975852660775,375.63206113602115,0.0
370.4678902316158,374.1355223449088,0.0
368.99191530502435,372.6449352665441,0.0
367.5218337167535,371.1602998705494,0.0
366.05759675919046,369.68156696710645,0.0
364.5992044466826,368.2087365707048,0.0
363.14660888206157,366.741760309994,0.0
361.6998101133009,365.28063823342256,0.0
360.25878433479124,363.8253462997057,0.0
358.8234848248483,362.37583732461434,0.0
357.3939116650431,360.93211139052704,0.0
355.970041640915,359.49414505316,0.0
354.55182915742506,358.0618922660836,0.0
353.1392743083373,356.63535312398983,0.0
351.7323322223167,355.2144823113176,0.0
350.331025025958,353.799302173715,0.0
348.93526430211006,352.38972341870095,0.0
347.54509402951163,350.9857904604038,0.0
346.1604486920698,349.5874371341213,0.0
344.7813283504018,348.19466350107075,0.0
343.40769019134075,346.80742632423505,0.0
342.03953424775233,345.4257256368051,0.0
340.67683919352226,344.04953990153814,0.0
339.31954250885747,342.67880597969514,0.0
337.96768568580006,341.3135657740895,0.0
336.6211863144492,339.95373605896225,0.0
335.280085184986,338.59935802831734,0.0
333.9443011450771,337.25034972641333,0.0
332.61383455840763,335.90671152053585,0.0
331.2887049846852,334.5684631640336,0.0
329.9687940070091,333.2354850676785,0.0
328.65419979535704,331.9078763733311,0.0
327.34480527506435,330.5855188472875,0.0
326.0406492702435,329.2684516980189,0.0
324.7416931439142,327.9566359060389,0.0
323.44789898302577,326.6500331829577,0.0
322.159266855044,325.3486435969089,0.0
320.8757593629026,324.05242938059536,0.0
319.5973764858566,322.7613905130666,0.0
318.32408132963724,321.47548973480065,0.0
317.0558376823702,320.1946904754257,0.0
315.79268162575056,318.9190291738455,0.0
314.53454103606873,317.6484329923258,0.0
313.28141607947117,316.38290209865795,0.0
312.03327147924034,315.12240086688485,0.0
310.7901072889357,313.8669293510962,0.0
309.5519230895671,312.6164871281538,0.0
308.318649724525,311.3710043567978,0.0
307.09028748653964,310.13048133265636,0.0
305.86680260117686,308.89488394692853,0.0
304.64822855984386,307.6642460225863,0.0
303.43446507186144,306.43846627607286,0.0
302.22557856520444,305.21761179299995,0.0
301.02150274744906,304.0016156246488,0.0
299.82220524038826,302.7904450722681,0.0
298.6276862641439,301.58410035815893,0.0
297.4379455821065,300.3825812433694,0.0
296.2529194746662,299.1858233774654,0.0
295.07263958961914,297.99385872155636,0.0
293.8970430711567,296.80662379756114,0.0
292.72613014718235,295.6241188356395,0.0
291.55990059770187,294.44634361361915,0.0
290.3983234794516,293.2732668818982,0.0
289.241338338776,292.1048275883299,0.0
288.0889756137114,290.94105647228713,0.0
286.94123477943697,289.7819530037534,0.0
285.79802688685055,288.6274273530304,0.0
284.659381763764,287.47750964322523,0.0
283.5252990010608,286.3321994611713,0.0
282.39572048951294,285.1914381223591,0.0
281.2706179368357,284.05519705441037,0.0
280.1500198946566,282.9235050916137,0.0
279.033897666354,281.7963332532509,0.0
277.92219529488517,280.6736250283045,0.0
276.8149407259496,279.55540863913654,0.0
275.71210600582214,278.4416558552798,0.0
274.6136365595528,277.33231156149236,0.0
273.51955972328767,276.22740336454825,0.0
272.42984825098205,275.1269037486668,0.0
271.3444753403292,274.03078564619847,0.0
270.26341462399466,272.9390224287722,0.0
269.1866661827099,271.85161417791875,0.0
268.1142038725964,270.7685344909351,0.0
267.04602757870737,269.68978325173657,0.0
265.9820859709451,268.61530862205746,0.0
264.9224045514351,267.5451363564943,0.0
263.86693260365126,266.4792152364274,0.0
262.81567022161,265.41754535680394,0.0
261.7685924916657,264.36010155733317,0.0
260.7256993020842,263.3068837251748,0.0
259.68694171223854,262.25784243518973,0.0
258.6523440107569,261.2130022164634,0.0
257.6218578237791,260.17231421623455,0.0
256.5954832025468,259.13577848625204,0.0
255.57317289548206,258.1033473071473,0.0
254.5549505700161,257.07504458065927,0.0
253.54079259130907,256.05084643796306,0.0
252.53067568274773,255.03072937200693,0.0
251.52457691887435,254.0146702303712,0.0
250.52249625679076,253.00266896973298,0.0
249.5243885558201,251.99468000252273,0.0
248.530276269677,250.9907260047468,0.0
247.54011475021488,249.990761886242,0.0
246.5538822135725,248.99476564748687,0.0
245.5716005080198,248.00275935304919,0.0
244.5932259648363,247.01469890188818,0.0
243.618758548517,246.03058425814734,0.0
242.64815556681108,245.05037230692253,0.0
241.68143823767815,244.07408447623118,0.0
240.7185643146926,243.10167810140805,0.0
239.7595338066106,242.13315319129603,0.0
238.80430539976345,241.16846802322112,0.0
237.85289967557287,240.20764338236106,0.0
236.90527573965778,239.2506379694804,0.0
235.96143361859095,238.297451811415,0.0
235.02135314489405,237.3480645410285,0.0
234.08499475284287,236.40243620089603,0.0
233.15239786178842,235.46060660062014,0.0
232.22350345908185,234.52251614332678,0.0
231.29831167832444,233.58816496393985,0.0
230.37680324068947,232.6575335927723,0.0
229.45895912744683,231.73060282280855,0.0
228.54477933215284,230.80737264754117,0.0
227.63424489341438,229.88782391785918,0.0
226.7273371018665,228.971937739175,0.0
225.82403749519452,228.05969546639696,0.0
224.92434602101312,227.15109704662115,0.0
224.02822623980663,226.24610567958072,0.0
223.13569616480154,225.34473955683308,0.0
222.24670194857367,224.44694429786455,0.0
221.36126149603936,223.55273798485015,0.0
220.4793394411403,222.66208490160759,0.0
219.60093583689067,221.7749851016759,0.0
218.72603322191304,220.89142095081,0.0
217.85461435381436,220.01137503591713,0.0
216.98666220485808,219.13483016068616,0.0
216.12217673135385,218.26178628099424,0.0
215.26114092203656,217.39222621716473,0.0
214.40352146620933,216.5261163287248,0.0
213.54931853596352,215.66345678946956,0.0
212.69853197654916,214.804247443117,0.0
211.85112907840482,213.94845525628102,0.0
211.0070938323863,213.09606406132693,0.0
210.1664262799256,212.24707390009686,0.0
209.329110407051,211.4014686000808,0.0
208.49513038704123,210.55923217787293,0.0
207.6644705767279,209.7203488354375,0.0
206.8371308762055,208.88481847187992,0.0
206.0130803908979,208.05260988676778,0.0
205.1923040096884,207.22370781938432,0.0
204.37480179058068,206.39811232830743,0.0
203.56055860002263,205.57580813016287,0.0
202.7495594728615,204.75678011164283,0.0
201.94180425373978,203.9410281158518,0.0
201.13724889848567,203.1285076625807,0.0
200.3359081022714,202.31923359248387,0.0
199.53775289892533,201.5131766526247,0.0
198.74278330375475,200.71033685846191,0.0
197.9509849585702,199.91069970966004,0.0
197.1623296971863,199.11423676118844,0.0
196.37681764360195,198.32094813827362,0.0
195.59444862179984,197.53083366315568,0.0
194.81518127372613,196.74385156833603,0.0
194.03902933748324,195.96001572792434,0.0
193.26596558288827,195.17929864215887,0.0
192.4959766529251,194.40168682178907,0.0
191.729062523429,193.62718024241096,0.0
190.965209783671,192.85576536052935,0.0
190.2043921628445,192.08741564525667,0.0
189.44659682104415,191.3221181295725,0.0
188.6918366120511,190.55988579451042,0.0
187.94007295816115,189.80067968044696,0.0
187.1913059655679,189.04449989462702,0.0
186.44552297128334,188.29133364869904,0.0
185.70271142928144,187.54116827243132,0.0
184.9628589081879,186.79399121137897,0.0
184.22595308901438,186.04979002459564,0.0
183.4919938539543,185.30856459310846,0.0
182.76094482397679,184.57027817773417,0.0
182.03281809150116,183.83494299060703,0.0
181.30758967653517,183.10253481433287,0.0
180.5852477917735,182.37304174491206,0.0
179.86578074956307,181.64645197898375,0.0
179.14918848538846,180.92276545139381,0.0
178.4354477962398,180.20195872942259,0.0
177.7245472838999,179.48402030201052,0.0
177.01647564210322,178.76893875096005,0.0
176.31123281790758,178.05671402280487,0.0
175.6087963427646,177.34732342655798,0.0
174.90916616392818,176.64076690895106,0.0
174.21230926704766,175.93701112879143,0.0
173.5182366677549,175.2360672107657,0.0
172.8269265921526,174.53791316541492,0.0
172.13837897360781,173.84254892544652,0.0
171.4525723724469,173.14995283893413,0.0
170.76948576554977,172.46010367462873,0.0
170.08912970568002,171.77301208976627,0.0
169.41148323465572,171.08865691867882,0.0
168.73654624756566,170.40703805541656,0.0
168.06428795515046,169.72812440590644,0.0
167.39470847466652,169.05191608856572,0.0
166.72779768482937,168.37840288190918,0.0
166.06353562780794,167.70756463052325,0.0
165.40194202410575,167.03942125014441,0.0
164.74295774616218,166.3739130278492,0.0
164.0866123065191,165.71106976835364,0.0
163.43288607815,165.0508716503237,0.0
162.78175980323707,164.39329922528913,0.0
162.1332145858744,163.73833341027458,0.0
161.48726934467703,163.08599331118933,0.0
160.84390499249113,162.4362596519168,0.0
160.20308436393503,161.789094899138,0.0
159.56482608772998,161.14451786599852,0.0
158.92911168094585,160.5025098865872,0.0
158.29592300192007,159.86305263963908,0.0
157.66526009730828,159.22614617227163,0.0
157.03712277373137,158.59179028919132,0.0
156.41147546058818,157.959949067648,0.0
155.78831833702614,157.3306226885627,0.0
155.16765134290895,156.70381109120376,0.0
154.54945702843725,156.07949665301877,0.0
153.9337182596157,155.45766207038588,0.0
153.32043509535958,154.83830740280365,0.0
152.70959061185525,154.2214155589126,0.0
152.1011848049641,153.60698653453326,0.0
151.49520095599513,152.99500344545947,0.0
150.89163899707307,152.3854662231441,0.0
150.2904824097452,151.7783581856017,0.0
149.74514881676333,151.2276257900493,0.0
